:020000040800F2
:10000000D00E002031030008294C0008ED4B0008F9
:10001000254C0008D50B0008515B0008430300087D
:10002000000000000000000000000000CD4E0008AD
:10003000D90B0008000000002D4C0008D14E00082C
:100040004D0300084D0300084D0300084D03000850
:100050004D0300084D0300084D0300084D03000840
:100060004D0300084D0300084D0300084D03000830
:100070004D0300084D0300084D0300084D03000820
:100080004D0300084D0300084D0300084D03000810
:100090004D0300084D0300084D0300084D03000800
:1000A000DD0B00084D0300084D0300084D03000858
:1000B0004D0300084D0300084D0300084D030008E0
:1000C0004D0300084D0300084D0300084D030008D0
:1000D0004D0300084D0300084D0300084D030008C0
:1000E0004D0300084D0300084D0300084D030008B0
:1000F0004D0300084D0300084D0300084D030008A0
:100100004D0300084D0300084D0300084D0300088F
:100110004D0300084D0300084D0300084D0300087F
:100120004D0300084D0300084D0300084D0300086F
:100130004D0300084D0300084D0300084D0300085F
:100140004D0300084D0300084D0300084D0300084F
:100150004D0300084D0300084D0300084D0300083F
:100160000000000000000000455500084D03000895
:100170004D0300084D0300084D0300084D0300081F
:100180004D0300084D0300084D0300080000000067
:10019000000000004D030008000000000000000007
:1001A00000000000000000004D0300084D0300089F
:1001B0004D0300084D0300084D0300084D030008DF
:1001C0004D0300084D03000800000000000000007F
:1001D0000000000000000000000000004D030008C7
:1001E0004D0300084D03000800000000000000005F
:1001F0004D0300084D0300084D03000800000000F7
:10020000000000004D0300084D0300084D030008E6
:100210004D0300084D0300084D0300084D0300087E
:100220004D03000800000000000000004D0300081E
:100230004D03000800000000000000000000000066
:100240000000000000000000000000004D03000856
:100250004D03000800F002F800F05AF814A696E8E2
:10026000000CB244B344DA4501D100F051F8BAE8C9
:100270000F000FA696E83000A5EB040504EB060777
:10028000AAEB0704A7F101074FEA15154FEA34144A
:10029000A4F10104AC4201D300F03AF813F0010FCD
:1002A00018BFFB1A43F0010300F001F8DBE7184721
:1002B0004890000068900000103A24BF78C878C1C8
:1002C000FAD8520724BF30C830C144BF04680C605C
:1002D000704700007047000000230024002500261E
:1002E000103A28BF78C1FBD8520728BF30C148BF99
:1002F0000B607047642900F0FD80782900F036819A
:10030000002070471FB508F090FE1FBD10B510BD4E
:1003100000F050FB1146FFF7F5FF06F0A7FB00F0D9
:100320006EFB03B4FFF7F2FF03BC00F075FB0000A7
:100330000A4880470A480047FEE7FEE7FEE7FEE777
:10034000FEE7FEE7FEE7FEE7FEE7FEE7FEE700006A
:1003500004480549054A064B70470000894F0008CC
:1003600055020008D0080020D00E0020D00A00203E
:10037000D00A002053EA020C00F069802DE9F04B0E
:100380004FF00006002B1FBFB3FA83F503FA05F404
:1003900024FA05F65E4012BF1643B2FA82F502FA5D
:1003A00005F4C5F120051EBF22FA05FC44EA0C0441
:1003B000203556EA044C4FEA144418BF641C4FF031
:1003C00000084FF00009904271EB030C39D300296B
:1003D00019BFB1FA81F701FA07F6B0FA80F700FA0F
:1003E00007F6C7F120071EBF20FA07FC46EA0C06F5
:1003F0002037B6FBF4FCA7EB0507103F07F01F0BF7
:10040000CBF120062CFA06F60CFA0BFB44BFB346E0
:100410000026202FA4BF5E464FF0000B5BEA060CBF
:1004200008BF4FF0010B19EB0B0948EB0608ABFBBB
:10043000027C06FB02CC0BFB03CCC01B71EB0C0156
:10044000C1E70B46024641464846BDE8F08B13B56E
:10045000084318BF4FF0FF300146AFF30080BDE8FE
:100460001C4070470FB41CB50C0007AA009007D0C1
:100470004142A14202D32044401E01E04FF0FF3030
:10048000074B7B4469460190069800F046FA00202D
:10049000002C01D0009908701CBC5DF814FB000012
:1004A000BB04000070B5044685690068C10601D52B
:1004B000302600E02026C00707D070BDD4E9012116
:1004C00030469047206A401C20626D1EF6D570BDF4
:1004D00070B5044685690078C00707D170BDD4E9BE
:1004E000012120209047206A401C20626D1EF6D515
:1004F00070BD00002DE9F041064600241068752902
:10050000314616A510D0AFF30080002802DA404231
:1005100013A507E031688A0701D512A502E0490753
:1005200004D511A5012401E0AFF3008000210A22C7
:1005300006F1240709E0B0FBF2FCB0FBF2F302FB8A
:100540001C00303078541846491C0028F3D123464B
:100550002A463046BDE8F04100F080B900000000B6
:100560002D0000002B0000002000000070B50446A4
:100570000D4621461068AFF300802188090502D599
:100580000F4A7A4402E00E4A7A440E32002104F106
:10059000240305E000F00F060009965D5E54491C37
:1005A0000028F7D120780023000704D5702D02D051
:1005B00009B1022311322046BDE8704000F04EB967
:1005C000BE8A00002DE9F05F894604464FF0000A1C
:1005D000DFF824B1FB44C0F820A02046E16888473A
:1005E00000287DD0252806D0D4E901219047206A33
:1005F000401C2062F1E700255F462046E1688847FD
:100600002028064607DB312E05D2B81910F8200C39
:1006100008B10543F1E7A80701D525F00405C4F8A2
:100620001CA00027C4F818A02A2E09D0304608F0D4
:10063000F5FC38B304EB8708303EC8F8186019E0C1
:1006400059F8041B204604EB87029161E168884752
:10065000012F064618D1E069002820DA25F0200590
:100660001DE0D8F8180000EB800006EB40003038A1
:10067000C8F818002046E1688847064608F0CEFC16
:100680000028EED1012F0AD02E2E08D12046E16895
:1006900088477F1C0646022F45F02005C4DBA06971
:1006A000002803DA404245F00105A061E80701D0C7
:1006B00025F01005A6B1A6F14100192802D8203670
:1006C00045F400654A463146204625604D46FFF711
:1006D00011FE60B1012807D0ED1D25F0070000E0F4
:1006E00007E000F1080978E705F1040975E73046ED
:1006F0007AE7206ABDE8F09F948A000010B5431C99
:1007000002E010F8011B71B18107FAD14FF00132FC
:1007100002C88C1A8C4314EAC211F9D0C01A0A0616
:1007200003D0C01E10BDC01A10BD0A0401D0801E27
:1007300010BD0902FCD0401E10BD032A40F23080DB
:1007400010F0030C00F0158011F8013BBCF1020F12
:10075000624498BF11F801CB00F8013B38BF11F893
:10076000013BA2F1040298BF00F801CB38BF00F8AA
:10077000013B11F0030300F0EB80083AC0F0088061
:1007800051F8043B083A51F804CBA0E80810F5E70B
:10079000121D5CBF51F8043B40F8043BAFF30080EE
:1007A000D20724BF11F8013B11F801CB48BF11F863
:1007B000012B24BF00F8013B00F801CB48BF00F833
:1007C000012B70474FF000020429C0F0128010F096
:1007D000030C00F01B80CCF1040CBCF1020F18BF1D
:1007E00000F8012BA8BF20F8022BA1EB0C0100F0B0
:1007F0000DB85FEAC17C24BF00F8012B00F8012B83
:1008000048BF00F8012B70474FF0000200B51346B7
:1008100094469646203922BFA0E80C50A0E80C5020
:10082000B1F12001BFF4F7AF090728BFA0E80C50D1
:1008300048BF0CC05DF804EB890028BF40F8042BCA
:1008400008BF704748BF20F8022B11F0804F18BF37
:1008500000F8012B70477047704770472DE9F0474B
:100860000D4699469246044600F124080168880620
:1008700004D5E06921F01001216000E00120A842C8
:1008800001DD471B00E00027A1697A1902EB09008E
:10089000081AA0612078C00602D42046FFF702FEA5
:1008A000002608E0D4E901211AF806009047206AE2
:1008B000401C761C20624E45F4DB2078C0060AD529
:1008C0002046FFF7EFFD06E0D4E9012130209047F4
:1008D000206A401C2062381EA7F10107F4DC07E003
:1008E000D4E9012118F805009047206A401C2062D5
:1008F000281EA5F10105F3DC2046FFF7E9FD20786D
:10090000000602D50220BDE8F0870120FBE70000C9
:1009100001694A1C02610878704700B58FB0CDE9C3
:1009200001310021059105497944CDE903101146B3
:100930006846FFF747FE0FB000BD0000E5FFFFFF70
:10094000D1E900239A4202D2531C0B601070704709
:1009500010B5203AC0F00B80B1E81850A0E818504C
:10096000B1E81850A0E81850203ABFF4F5AF5FEA9C
:10097000027C24BFB1E81850A0E8185044BF18C941
:1009800018C0BDE810405FEA827C24BF51F8043BE8
:1009900040F8043B08BF7047D20728BF31F8023B3C
:1009A00048BF11F8012B28BF20F8023B48BF00F8D0
:1009B000012B7047754600F02BF8AE4605006946DE
:1009C000534620F00700854618B020B5FFF7C0FC5D
:1009D000BDE820404FF000064FF000074FF0000840
:1009E0004FF0000BAC46ACE8C009ACE8C009ACE87D
:1009F000C009ACE8C00921F007018D46704710B569
:100A00000446AFF300802046BDE81040FFF789BCE4
:100A1000004870472800002001491820ABBEFEE7BF
:100A2000260002007047000000281CBF6FF0010084
:100A300070472DE9F04186B040F68C40C4F2024088
:100A40000268002442F0010202600268C4F202243B
:100A500002F001020192019A026801AD42F0010226
:100A600002600268022702F001020192019A026903
:100A70004FF0070842F40032026100690E4600F4AC
:100A8000003001900198042001900120039020463D
:100A9000294602970497CDF8148000F0FBF808204F
:100AA000CDE9010720462946CDF8148000F0F2F880
:100AB00040F21C30C2F20000314604F099F80028E0
:100AC00018BF6FF0030006B0BDE8F081B0B586B086
:100AD00010B16FF0010420E040F68C40C4F20240F7
:100AE0000168002541F0010101600068C4F202259F
:100AF00000F0010001900198202001900120029057
:100B000003200024049001A92846039400F0C2F8B1
:100B100028462021002200F085F9204606B0B0BD0D
:100B20007047000000EB400040F2B031C2F200011B
:100B300001EB800000F074B810B586B040F68C422E
:100B4000C4F202421368044643F0040313601268BF
:100B500002F00400019001984FF40050019040F61B
:100B600000004FF00202C4F202200392049229B363
:100B70000021C1F21101029101A900F08BF804EBF0
:100B8000440040F2B031C2F2000101EB80040D21BB
:100B9000C0F20061204600F03DF840F6CD3220461C
:100BA000C0F60002002100F065F818200F21002295
:100BB00000F0D2F9182000F0BDF904E00021029104
:100BC00001A900F067F8002006B010BD0020FFF773
:100BD000A7BF0000FEE70000704700000020FFF7FD
:100BE000A1BF000072B600BFFEE70000B0B504462A
:100BF00000F01EF9054640F21D00C2F20000007828
:100C0000611C18BF044400BF00F012F9401BA04251
:100C1000FAD3B0BD00280EBF01200160002070474C
:100C2000F0B581B004460068082202EA503542F26D
:100C30000C07C4F2024700F01F01012057F82520DD
:100C400000FA01F6164205D047F8256060680028D2
:100C500018BF8047381D50F82510314207D040F8A2
:100C60002560A06818B101B0BDE8F040004701B0B0
:100C7000F0BD0000022906D0012906D000291CBFC2
:100C8000012070474260082100E00421425000200A
:100C9000704700000A68002A08BF70472DE9F04F2E
:100CA00083B000F12003019347F67F73C0F22F0356
:100CB00003EA90234FF0000C4FF0010B00270024B3
:100CC000002500930CE000BF0A68013532FA05F6F2
:100CD00004F1040407F102070CF1080C00F09E80F7
:100CE0000BFA05F812EA0802EED04E68029246F0BE
:100CF0001006122E19D16FF0030202EA550EDDF82C
:100D000004B004F01C025BF80E30D1F810A00F26DE
:100D100006FA02F90AF00F0623EA090306FA02F2BC
:100D20001A434BF80E204FF0010B0268D1F80490E3
:100D30000326BE4009F0030AF343B2430AFA07F65A
:100D40003243B9F1120F026012D80BFA09F212F015
:100D5000061F0DD08268CE681A40BE4032438260C2
:100D60004268C9F3001622EA0802AE4032434260EC
:100D7000BAF1030F02D18A68012A05D0C2688E68D1
:100D80001A40BE403243C260029B5FEAC9029BD553
:100D900042F2000825F00302C4F2024808EB020EFA
:100DA000DEF860900CF018060F22B24029EA020922
:100DB000009A02FA06F649EA0602CEF86020D8F850
:100DC0000090D1F804E049EA03025FEACE2658BF5A
:100DD00029EA0302C8F80020D8F804905FEA8E22BE
:100DE00049EA030658BF29EA0306C8F80460D8F8A0
:100DF00084905FEA8E3249EA030658BF29EA030667
:100E0000C8F88460D8F880905FEACE3249EA0306D9
:100E100058BF29EA0306C8F8806055E703B0BDE86B
:100E2000F04F70471823002A08BF2823C15070478D
:100E300040F2C870C2F200000068704740F21D0026
:100E400040F2C871C2F20000C2F2000100780A68E4
:100E5000104408607047000080B5032000F0A8F837
:100E600002F03CFC40F62041C4F20241096849F21C
:100E70007F0201F00F01C0F60002515CC84040F251
:100E80000401C2F200010860042003F095FC0F2069
:100E900000F008F800281CBF012080BD00F048F8D1
:100EA000002080BDB0B540F21D05C2F200052978D2
:100EB00029B304464EF21000CEF20000006840074D
:100EC0000FD403F0C5FC02282CD0012826D068BB23
:100ED00040F20400C2F20000006829784FF4FA5290
:100EE00006E040F20400C2F2000000684FF47A729B
:100EF000B2FBF1F1B0FBF1F003F098FC08B1012076
:100F0000B0BD4FF0FF302146002200F025F840F23E
:100F100020010020C2F200010C60B0BD29784FF41E
:100F2000FA40E3E729784FF40040DFE70020E3E7E9
:100F300070470000002848BF704700F01F010122E1
:100F4000C0F34A1002FA01F14EF20012CEF2000292
:100F500042F820107047000010B54EF60C5CCEF23F
:100F6000000CDCF80030C3F3022E8EF00704042CD2
:100F700028BF0424BEF103034FF0FF3E38BF002317
:100F80000EFA04F4A14399400EFA03F39A43114375
:100F900000F1604200F00F03090102F56442043BD6
:100FA0006344002848BF03F10C02117010BD00001B
:100FB0004EF60C51CEF200010A684FF6FF031A40BC
:100FC00060F30A2242F0806040F0FD7008607047D4
:100FD00001220168C0F8D822002280F8CC22486D96
:100FE00040F001004865486D40F0020200204A656B
:100FF0007047000070470000704700007047000015
:1010000090F89412012904BF0220704710B50168BE
:10101000012280F894220446084604F09FFA00203A
:1010200084F8940210BD00002DE9F04F85B004460D
:10103000006804F013FD01041AD4410535D44104BD
:101040004FD4810400F13784C10400F138840105D4
:1010500000F16C84010600F17984810500F185843A
:10106000C00540F1498420684FF6FF6200F041BCA2
:101070002068416C090440F13F8404F1140140F6FA
:101080000F75039104F52771C0F2FF7546F2004712
:1010900004F5AA7B02914FF00A0905F54051C4F20C
:1010A00001070091CDF804B031E020684FF6FF321F
:1010B000416C11404164204600F022FD94F89402F6
:1010C000012800F019840120002584F89402657439
:1010D0002068002104F004FD84F8945205B0BDE8B6
:1010E000F08F20684BF6FF7200F003BC307807EBFE
:1010F000C000416889B24160416841603178204652
:10110000FFF77AFF2068416C090440F1F583426CD7
:1011100012F00F0A26D050F82A805FEA084140F109
:10112000548150F82A100AEB8A02294041F08001CC
:101130000BEBC20640F82A10317B00294AD0F17827
:1011400002295CD131785FEA484200F19280CDF803
:10115000109000BF049A002A00F09480049A013A8B
:101160000492F7E70168D2061ED4294041F40041F9
:101170000160207D57F83000A16AC0F30940206368
:101180000844A06220460021FFF736FF607C00285B
:10119000B8D0E06A0028B5D1607C216840F08000BA
:1011A000C86400206074ADE70A053ED40904A9D5DF
:1011B0000168294041F0800101609BF80010CDF8E2
:1011C000109000BF049A002A00F09E80049A013A11
:1011D0000492F7E73178CDF8109000BF049A1AB165
:1011E000049A013A0492F9E707EBC1014968C1F397
:1011F0000947002F00F0D1807169F288CAE0317888
:1012000048F2C00350F821202A401A4340F8212018
:1012100050F8212052044FD4CDF81090049A002A9F
:1012200052D0049A013A0492F8E79BF80010CDF8E6
:10123000109000BF049A1AB1049A013A0492F9E797
:1012400007EBC1014968C1F30943082BC4F87031A9
:1012500040F05583B4F85A21029904F001FC20684B
:101260000168294041F080010160204600F04EFCF9
:1012700048E7CDF8109000BF049A6AB3049A013A87
:101280000492F9E707EBC10200235268C2F3094751
:10129000B269D21B38BF1A46B26154D95FEA4862BC
:1012A0005DD450F8212048F2C0032A401A4340F888
:1012B0002120002F54D170E0CDF81090049AE2B1B3
:1012C000049A013A0492F9E707EBC1014968C1F3B6
:1012D0000947002F44D160E057F831200023C2F3C2
:1012E0000947B269D21B38BF1A46B2613BD95FEADF
:1012F000486244D4002F4BD14FE057F83110C1F36E
:101300000947002F44D148E007EBC1014968C1F308
:101310000943002BC4F8703100F07781D4F86811CC
:1013200000293FF4EFAEB4F85A2104F099FBD4F849
:101330006801D4F870110844C4F8680120460021FF
:10134000FFF75CFEDEE650F82120009B1A404AF2CF
:1013500080035A4040F821205FEA4862A1D5E7B1F6
:101360007169728916E050F82120009B1A404AF2F8
:1013700080035A4040F821205FEA4862BAD550F80D
:10138000212048F2C0032A401A4340F8212027B107
:10139000716932893B4604F063FBD6E906013944A2
:1013A000F16110B13069B84204D931782046FFF7B5
:1013B00025FE06E07069C11920687161314604F0AC
:1013C000F7F846F20047C4F201075FEA08607FF5CC
:1013D00099AE20680AEB8A0150F82A20039B03EBA0
:1013E000C10602EA050141F4004140F82A10F278F2
:1013F000012A1BD1307B00284FF00000B0613FF480
:101400007DAE70785FEA486136D401283FF46EAE55
:1014100000287FF473AE307807EBC000416821F0FC
:101420007C414160416841F0004166E65FEAC85195
:1014300015D4317857F83120B369C2F30942002737
:101440009B1A38BF3B46B3612AD97169F3691144CD
:1014500071619918F161314604F0AAF825E23178FA
:101460005FEA486320D4CDF8109000BF049B1BB303
:10147000049B013B0493F9E7012800F0CE8000288B
:101480007FF43CAE307857F8301021F07C4147F8BB
:10149000301057F8301041F0004147F830102DE679
:1014A0002046FFF7A9FD00E2CDF81090049BE3B3BE
:1014B000049B013B0493F9E707EBC10E00235EF8A0
:1014C000047FB569C7F30947ED1B38BF1D46B561F9
:1014D00062D9DDF804B040F60F755FEA4842C0F209
:1014E000FF7507D450F821204CF280032A401A439C
:1014F00040F8212096F824104FF00A09012940F005
:10150000C881D6E904C1D6E907523D443944624551
:101510007161F56180F0D280002A00F05A810023C9
:101520009446336286F8243057E157F83130B76972
:10153000C3F309430025FF1A38BF2F46B76148D9C6
:1015400040F60F755FEA4842C0F2FF7507D550F8C4
:1015500021204CF280072A403A4340F8212096F897
:1015600024204FF00A09012A40F09381D6E9047241
:10157000D6E9075E02EB030CEA18BE45C6F814C0B4
:10158000F26180F09F800022BEF1000F86F82420D7
:1015900040F09B809E4699E07778DDF804B040F6F5
:1015A0000F75012FC0F2FF7542D0002F4FF00A09CE
:1015B00040F0C08046F20043C4F2010353F83150BA
:1015C00025F07C4543F8315053F8315045F0004543
:1015D00039E0737840F60F75012BC0F2FF754BD0E0
:1015E00046F20047002B4FF00A09C4F2010740F011
:1015F000C8803D4657F8317027F07C4745F8317078
:1016000055F8317047F0004743E00168009A1140F7
:101610004BF280025140016074E5307857F8301089
:1016200089B247F8301057F8301047F8301065E5A8
:1016300046F20043C4F2010353F83150ADB243F80F
:10164000315053F8315043F83150DDF804B0012FD8
:101650004FF00A0961D040F60F75002FC0F2FF75F8
:1016600068D1DEF8007027F07C47CEF80070DEF815
:10167000007047F000475BE046F20045C4F2010508
:1016800055F831704FF00A09BFB245F8317055F87E
:101690003170012B45F831702F4663D040F60F753D
:1016A000002BC0F2FF756CD107EBC1035F6827F018
:1016B0007C475F605F6847F000475DE0A2EB0C028B
:1016C00032628AE0AEEB0702BE4632627278DDF823
:1016D00004B046F2004740F60F75C4F20107C0F2AD
:1016E000FF75012A6BD0002A40F0B88057F83120EE
:1016F000BEF1000F22F07C4247F8312000F09780C5
:10170000BEF13E0F00F299800EF0010202EB5E0284
:1017100057F8313043EA82629EE0DEF8007040F60E
:101720000F75BFB2C0F2FF75CEF80070DEF8007022
:10173000CEF80070022A09D150F8212005F13003BB
:101740001A4048F2A0035A4040F821202046FFF7F3
:1017500053FC46F200475FEA4840C4F201073FF5F8
:10176000D1AC21E007EBC10340F60F755F68C0F212
:10177000FF75BFB25F605F685F6046F20047C4F20A
:101780000107022A09D150F8212005F130031A403F
:1017900048F2A0035A4040F821202046FFF72CFCD5
:1017A0005FEA48407FF5AEAC206831784CF28003A8
:1017B00050F821202A401A4340F82120A2E457F88B
:1017C000312092B247F8312057F8312042EA0E42D8
:1017D00042E0002286F82420BC467278DDF804B08E
:1017E00040F60F75C0F2FF75012A16D0002A4BD1C2
:1017F000DEF80020BCF1000F22F07C42CEF8002081
:1018000018D0BCF13E0F2ED80CF0010202EB5C02A6
:10181000DEF8007047EA826234E0DEF8002092B21F
:10182000CEF80020DEF8002042EA0C422AE057F809
:1018300031200FE0DEF8002022E05FEACE634FEABD
:101840005E124FF0FF3308BF03EB5E1257F83130E2
:1018500043EA826242F0004247F8312032891FFA9F
:101860008EF3614613E04FEA5C125FEACC674FF0FB
:10187000FF3308BF03EB5C12DEF8007047EA8262B8
:1018800042F00042CEF8002072891FFA8CF304F077
:101890002DF92068317805F1300350F821201A40E5
:1018A00048F2B0035A4040F8212046F20047C4F203
:1018B0000107FFF727BC20684DF6FF7219E020688A
:1018C000016C21F004010164016C21F00801016444
:1018D00094F8CC02012806D1002084F8CC022046DE
:1018E0000021FFF787FB204600F00CF920684EF638
:1018F000FF72416C1140416405B0BDE8F08F016892
:10190000009A114049F2800251400160016805F1DE
:101910003002114048F290025140016001682940B4
:1019200041F08001016005B0BDE8F08F21684FF201
:10193000FF72086C40F008000864486C104048646E
:10194000086C40F0040220460A6409E020684FF663
:101950007F72416C1140416494F8CC1289B12046E9
:1019600005B0BDE8F04F00F0D3B821684FF6FF5244
:10197000486C024020464A6405B0BDE8F04F00F0D4
:10198000C3B8016C41F004010164016C41F008012D
:101990000164012184F8CC12406D3C2101EA9002DF
:1019A00020460121C4F8D02205B0BDE8F04FFFF772
:1019B00021BB0000002804BF0120704710B582B091
:1019C000044690F8950228B9002084F89402204635
:1019D00000F060F8032084F89502206803F0DEFD33
:1019E00094E80F0094F810C0CDF800C003F09AFD01
:1019F000C8BB2068002104F063F8A0BB207948B37D
:101A000000EB800000214FEAC00E4FF0010C0023D4
:101A1000002200BFE018283302759E4502F1010242
:101A200080F815C0C175C0E90911C162F2D1002169
:101A300000220023A018283280F85431964503F183
:101A4000010380F8551180F85711C0E95911C0F809
:101A50006C11EFD194E80F0094F810C0CDF800C0DD
:101A600003F08CFD28B1022084F89502012002B019
:101A700010BD00206074012084F89502207B0128AD
:101A800004BF2046FFF7A4FA206803F06FFD002092
:101A900002B010BD10B5B6B0044602A8D021FEF7C2
:101AA000B3FE206846F20001C4F20101884201D071
:101AB00036B010BD102003900020029030203390EB
:101AC00002A800F0B1FF002818BFFFF78BF800F064
:101AD00021F840F6A440C4F202400168002241F01F
:101AE000807101600068002100F080700190019811
:101AF0004A20FFF731FA4A20FFF71CFA36B010BD32
:101B000070470000704700007047000070470000F9
:101B10007047000040F63800C4F20240016841F00E
:101B2000007101607047000010B540F6284CC4F207
:101B3000024CDCF80CE0DCF80010DCF80020C2F30A
:101B40000523DCF80020DCF81040ABB3E408D20633
:101B500004EAE27201F003016FF35F3200EE102A33
:101B60000329B8EE400A6FF35F2E2FD0022928D048
:101B700001295CF8281C49F20002C1F3C101C0F23E
:101B8000D03222FA01F101EE101A02EE103AB8EE4C
:101B9000411AB8EE422A9FED473A81EE021A02EE50
:101BA00010EA20EE030AB8EE422A30EE020AB7EE3F
:101BB000002A30EE022A1FE00021C0E900118160F6
:101BC00010BD01EE103A9FED3C2A03E001EE103A01
:101BD0009FED372AB8EE411A82EE012A01EE10EA93
:101BE0009FED343AB8EE411A20EE030A30EE010AB6
:101BF000B7EE001A30EE011A5CF8281C22EE010A3A
:101C0000890103D5DCF80010C90301D4002111E0DB
:101C1000DCF80C10B7EE002AC1F3462101EE101AD1
:101C2000B8EE411A31EE021A80EE011ABCEEC11A6A
:101C300011EE101A01605CF8281C890103D5DCF84C
:101C40000010890301D4002111E0DCF80C10B7EE7C
:101C5000002AC1F3064101EE101AB8EE411A31EE26
:101C6000021A80EE011ABCEEC11A11EE101A416080
:101C70005CF8281C890144BFDCF800105FEA4131A0
:101C800002D40021816010BDDCF80C10B7EE002AF0
:101C9000C1F3066101EE101AB8EE411A31EE021AD4
:101CA00080EE010ABCEEC00A10EE101A816010BD71
:101CB00020BCBE4B000000390024744A10B540F629
:101CC0002C4CC4F2024CDCF810E0DCF80010DCF81C
:101CD0000020C2F30523DCF80020DCF81440ABB38D
:101CE000E408D20604EAE27201F003016FF35F3206
:101CF00000EE102A0329B8EE400A6FF35F2E2FD0B2
:101D0000022928D001295CF82C1C49F20002C1F3F9
:101D1000C101C0F2D03222FA01F101EE101A02EE36
:101D2000103AB8EE411AB8EE422A9FED473A81EEDA
:101D3000021A02EE10EA20EE030AB8EE422A30EE52
:101D4000020AB7EE002A30EE022A1FE00021C0E9A5
:101D50000011816010BD01EE103A9FED3C2A03E0B6
:101D600001EE103A9FED372AB8EE411A82EE012AB1
:101D700001EE10EA9FED343AB8EE411A20EE030A64
:101D800030EE010AB7EE001A30EE011A5CF82C1C96
:101D900022EE010A090103D5DCF80010C90301D4C1
:101DA000002111E0DCF81010B7EE002AC1F3462143
:101DB00001EE101AB8EE411A31EE021A80EE011A45
:101DC000BCEEC11A11EE101A01605CF82C1C09015E
:101DD00003D5DCF80010890301D4002111E0DCF800
:101DE0001010B7EE002AC1F3064101EE101AB8EE4A
:101DF000411A31EE021A80EE011ABCEEC11A11EE40
:101E0000101A41605CF82C1C090144BFDCF800107A
:101E10005FEA413102D40021816010BDDCF810106E
:101E2000B7EE002AC1F3066101EE101AB8EE411AAE
:101E300031EE021A80EE010ABCEEC00A10EE101A52
:101E4000816010BD20BCBE4B000000390024744AE4
:101E500010B540F6304CC4F2024CDCF814E0DCF86B
:101E60000010DCF80020C2F30523DCF80020DCF8C9
:101E70001840ABB3E408D20604EAE27201F00301B1
:101E80006FF35F3200EE102A0329B8EE400A6FF3B9
:101E90005F2E2FD0022928D001295CF8301C49F28E
:101EA0000002C1F3C101C0F2D03222FA01F101EE09
:101EB000101A02EE103AB8EE411AB8EE422A9FED1F
:101EC000473A81EE021A02EE10EA20EE030AB8EE5B
:101ED000422A30EE020AB7EE002A30EE022A1FE054
:101EE0000021C0E90011816010BD01EE103A9FEDA4
:101EF0003C2A03E001EE103A9FED372AB8EE411A72
:101F000082EE012A01EE10EA9FED343AB8EE411A52
:101F100020EE030A30EE010AB7EE001A30EE011A85
:101F20005CF8301C22EE010A890003D5DCF80010B1
:101F3000C90301D4002111E0DCF81410B7EE002A27
:101F4000C1F3462101EE101AB8EE411A31EE021A21
:101F500080EE011ABCEEC11A11EE101A01605CF895
:101F6000301C890003D5DCF80010890301D400215E
:101F700011E0DCF81410B7EE002AC1F3064101EEBF
:101F8000101AB8EE411A31EE021A80EE011ABCEEB8
:101F9000C11A11EE101A41605CF8301C890044BF70
:101FA000DCF800105FEA413102D40021816010BDED
:101FB000DCF81410B7EE002AC1F3066101EE101A26
:101FC000B8EE411A31EE021A80EE010ABCEEC00AE8
:101FD00010EE101A816010BD20BCBE4B000000390D
:101FE0000024744A80B584B04FF6FF730246C0F2F5
:101FF0003F0300209B1A70EB0103C0F2608041F6A2
:10200000FF739B1A70EB0103C0F28E80B2F1010ED8
:1020100061F1000CDEF11F034FF0000373EB0C03C2
:10202000C0F0C081DFE81EF0200094028403DB01D1
:1020300084038403840336028403840384038403B7
:102040008403840384036502840384038403840378
:102050008403840384038403840384038403840348
:10206000840384038403070240F60040C4F2024064
:10207000D0F8D81011F0070100F0DD8302680129C3
:1020800003D112F0006240F0F6830268022903D106
:1020900012F0005240F0B48303680268032903D1B0
:1020A00013F0020340F07984042903D112F4007282
:1020B00040F0A384D0F8F000052900F037BC6FF0A1
:1020C00040439B1A70EB01036DDA072940F3C88087
:1020D000B1F5007F80F2188181F00803134300F00E
:1020E000D88281F01001114340F0228340F6004075
:1020F000C4F20240D0F8E41001F03001102900F0E1
:10210000B6830268202903D112F0005240F0788390
:10211000006810F400501CBF46F60040C0F2DC20FE
:10212000302918BF002003E34FF6FF739B1A4FF0CE
:10213000000C7CEB010380F2B7804FF6FF73C0F216
:1021400003039B1A7CEB0103C0F2FA8082F4803314
:102150000B4300F0D18282F40032114340F0E88258
:1021600040F60040C4F20240D0F8DC10C1F3022176
:10217000052900F28683DFE811F02D01F0025803F3
:10218000A5039C030600D0F8E810036802689B07CB
:1021900001F0404102D5002900F0FF83920500F1D3
:1021A000088400F009BC6FF078439B1A4FF00003DD
:1021B0008B4123DB82F480030B4300F0468282F0E4
:1021C00000730B4300F0EA8182F08062114340F01B
:1021D000AF8240F60040C4F20240D0F8E810026836
:1021E00001F03001920440F12B83002940F0288354
:1021F00046F60040C0F2DC2004B080BD82F00063EF
:102200000B4300F02C8282F080530B4300F0F881E6
:1022100082F00052114340F08B8240F60041C4F23C
:102220000241D1F8E000C0F38212042A00F22983AF
:1022300048F20000C0F2BB00DFE812F019038F0281
:1022400027027A020500D1F8E8200B6808689B078E
:1022500002F0404240F1F581002A00F07983F0E17C
:1022600082F080430B4300F0B28281F002031343FB
:1022700000F0798281F00401114340F0598240F668
:102280000040C4F20240D0F8E8100068800301F476
:10229000407040F1E682002840F0E38247F64000BB
:1022A000C0F27D1004B080BD82F400530B4300F0F7
:1022B000AB8282F480430B4300F06A8282F40042D6
:1022C000114340F0358240F60040C4F20240D0F89D
:1022D000E41001F44011B1F5801F00F0A68200293E
:1022E00078D002680068B1F5001F03D112F0020235
:1022F00040F02E8310F400701CBF40F60010C0F2B6
:102300003D00B1F5401FD0E281F40073134300F0AB
:10231000DB8181F48051114340F00A8240F6004194
:10232000C4F20241D1F8E40000F04060B0F1806FE7
:1023300000F07B8200284DD00A68B0F1006FEDE11B
:1023400082F480230B4300F0F58182F400121143E4
:1023500040F0EE8140F60040C4F20240D0F8E810B0
:1023600001F00701022900F00F82012900F0BC8270
:10237000002900F004820268032902D112F400321D
:102380008CD102680068042903D112F0020240F0E7
:10239000DF8210F400701CBF40F60010C0F23D0058
:1023A000052982E282F48052114340F0C18140F657
:1023B0000040C4F20240D0F8E01001F0E061B1F159
:1023C000007F00F01D82B1F1807F00F0548200296F
:1023D00040F09A8204B0BDE8804001F05BB940F65D
:1023E0000040C4F20240D0F8D81011F4E07100F0BF
:1023F00017820268402903D112F0006240F03B824C
:102400000268802903D112F0005240F0F98103687C
:102410000268C02903D113F0020340F0BE82B1F577
:10242000807F03D112F4007240F0E782D0F8F00010
:10243000B1F5A07F7AE240F60040C4F20240D0F845
:10244000D81011F4603100F0EB810268B1F5004F53
:1024500003D112F0006240F00E820268B1F5803FB5
:1024600003D112F0005240F0CB8103680268B1F54D
:10247000C03F03D113F0020340F08F82B1F5003F5B
:1024800003D112F4007240F0B882D0F8F000B1F538
:10249000203F4BE240F60040C4F20240D0F8D81092
:1024A00011F4606100F0BC810268B1F5007F03D1D6
:1024B00012F0006240F0DF810268B1F5806F03D155
:1024C00012F0005240F09C8103680268B1F5C06FC1
:1024D00003D113F0020340F06082B1F5006F03D125
:1024E00012F4007240F08982D0F8F000B1F5206F4C
:1024F0001CE240F60040C4F20240D0F8D81011F4BB
:10250000E04100F08D810268B1F5805F03D112F0E7
:10251000006240F0B0810268B1F5005F03D112F0B3
:10252000005240F06D8103680268B1F5405F03D14D
:1025300013F0020340F03182B1F5804F03D112F461
:10254000007240F05A82D0F8F000B1F5A04FEDE1F2
:1025500040F60040C4F20240D0F8D81011F0380123
:1025600000F05E810268082903D112F0006240F099
:102570008281102900F0448103680268182903D180
:1025800013F0020340F00982202903D112F40072F3
:1025900040F03382D0F8F0002829C7E140F600412E
:1025A000C4F20241D1F8F000D1F8F020920700F413
:1025B000407203D5B2F5807F00F04F81D1F8F00072
:1025C000000103D5B2F5007F00F07A80086880032F
:1025D0004FF0000040F1AC80B2F5407F40F0A880A1
:1025E000C86910F4785F00F04C81C86947F6400173
:1025F000C0F30520C0F27D11B1FBF0F004B080BD46
:1026000040F60041C4F20241D1F8E000C0F3C2023A
:10261000042A00F2368148F20000C0F2BB00DFE875
:1026200012F026019C00340087000500D1F8E82054
:102630000B6808689B0702F0404202D5002A00F0B0
:102640008781800500F1D681DDE140F60040C4F2CB
:102650000240D0F8E400400640F1098194E040F6E1
:102660000041C4F20241D1F8E00000F00702042A60
:1026700000F2078148F20000C0F2BB00DFE812F070
:10268000F7006D00050058005E0101A8FFF7E0FBB0
:1026900066E040F60040C4F20240D0F8E810D0F8FE
:1026A000F02001F0C001920702D5002900F0D5808A
:1026B000D0F8F020120140F10D81402940F00A814C
:1026C0004FF4FA4004B080BD40F60041C4F202412C
:1026D000D1F8E800D1F8F02000F00800920702D508
:1026E000002800F0BA80D1F8F010002818BF4FF48D
:1026F000FA4001F0006192E140F60041C4F202416B
:10270000D1F8E40000F04070B0F1807F00F08D80DF
:10271000002800F085800A68B0F1007F4FF00000CB
:1027200006D112F0020203D00868C0F3C10036E1FE
:1027300004B080BD40F60040C4F20240D0F8DC1086
:10274000C1F30231052900F29C80DFE811F0690035
:1027500006006E00BB00B2001D0101A8FFF7AEFA33
:10276000019804B080BD40F60040C4F20240D0F8A9
:10277000E41001F00301DFE801F0027A07BC04B0C5
:10278000BDE8804000F026BF01A8FFF797FA4FE0B0
:1027900040F60040C4F20240D0F8E41001F44021B9
:1027A000B1F5802F41D0D9B302680068B1F5002F90
:1027B00003D112F0020240F0CB8010F400701CBF75
:1027C00040F60010C0F23D00B1F5402F6DE040F63C
:1027D0000040C4F20240D0F8E01011F460612AD049
:1027E0000268B1F5007F02D112F0006243D10268A5
:1027F000B1F5806F40F0AF8012F0005200F0AB8076
:1028000001A8FFF725FB39E040F60040C4F2024082
:10281000D0F8E41001F44031B1F5803F05D099BB08
:1028200004B0BDE8804000F0EDBE01A8FFF710FB4A
:10283000039804B080BD04B0BDE8804000F006BF3E
:102840000268920101D5102911D0D0F8F02092072A
:1028500040F1BF80202940F0BC804FF4004004B01C
:1028600080BDB0F5007F06D0B0F5807F09D101A80A
:10287000FFF75AF902E001A8FFF720FA029804B026
:1028800080BD002004B080BD02680068B1F5003F43
:1028900002D112F002025BD110F400701CBF40F6AE
:1028A0000010C0F23D00B1F5403F18BF002004B059
:1028B00080BDD0F8F0004FF4FA41000101EAE07069
:1028C00004B080BDD0F8F0004FF4004101EA803040
:1028D00004B080BD0068802900F400724FF0000051
:1028E00008BF48F212007EE004B0BDE8804000F06E
:1028F000F5BED0F8E810036802689B0701F040417C
:1029000055D5002949D052E003680268B1F1407FF3
:1029100002D113F0020340D1B1F1806F02D112F461
:1029200000726AD1D0F8F000B1F1A06F00F002029D
:102930004FF0000008BF900304B080BDD1F8E8203C
:102940000B6808689B0702F0404251D5002A4FD11E
:10295000C0F3C10023E003680268B1F5C06F02D183
:1029600013F0020319D1B1F5006F02D112F4007215
:1029700043D1006810F400301CBF47F64000C0F29D
:102980007D10B1F5206F90E7D0F8E8100368026879
:102990009B0701F040410AD549B9C2F3C10049F291
:1029A0000001C0F2D03121FA00F004B080BD9205E0
:1029B00002D5B1F1804F20D00068B1F1004F00F492
:1029C00000324FF0000004BF47F64000C0F27D1017
:1029D00009E0D0F8F000302900F000624FF000006C
:1029E00008BF4FF4FA40002A08BF104604B080BD6B
:1029F000800508D5B2F1804F05D140F60010C0F235
:102A00003D0004B080BD0868B2F1004F00F4003111
:102A10004FF0000004BF47F64000C0F27D100029CF
:102A200008BF084604B080BD2DE9F04704460068A1
:102A300040F62848C101C4F2024807D5D8F8C010B2
:102A4000A26D21F040411143C8F8C010C00701D168
:102A5000002017E0E16D052900F2E5830020DFE8A2
:102A600011F00600FF03A50306000600060008B1EA
:102A7000814609E0D8F8B010E26D21F0070111435A
:102A8000C8F8B0104FF000092178890718D5216ED9
:102A90004FEAF101052900F2C983DFE811F00600D1
:102AA000E7038D0306000600060008B1814607E033
:102AB000D8F8B010226E21F038011143C8F8B010D8
:102AC0002178490718D5616E4FEAB111052900F246
:102AD000B083DFE811F00600D1037703060006009B
:102AE000060008B1814607E0D8F8B010626E21F404
:102AF000E0711143C8F8B0102178090718D5A16E0C
:102B00004FEA7121052900F29783DFE811F00600F2
:102B1000BB03610306000600060008B1814607E01A
:102B2000D8F8B010A26E21F460611143C8F8B0105B
:102B30002178C90618D5E16E4FEA3131052900F236
:102B40007E83DFE811F00600A5034B0306000600B4
:102B5000060008B1814607E0D8F8B010E26E21F413
:102B6000E0411143C8F8B0102178890618D5216FCB
:102B70004FEAF131052900F26583DFE811F0060024
:102B80008F03350306000600060008B1814607E002
:102B9000D8F8B010226F21F460311143C8F8B0109A
:102BA0006178C90618D5616F4FEA3161052900F2D5
:102BB0004C83DFE811F0060079031F0306000600CE
:102BC000060008B1814607E0D8F8B810626F21F01E
:102BD000E0611143C8F8B810617889061DD5A16F6E
:102BE0006FF0010202EB3142022A08D34FEA314171
:102BF00029B1012906D104F1300002F08FF820B18B
:102C000081460AE001200028FAD1D8F8BC10A26F52
:102C100021F440311143C8F8BC10617849061DD534
:102C2000E16F6FF0010202EBB142022A08D34FEAD2
:102C3000B14129B1012906D104F1300002F06EF84A
:102C400020B181460AE001200028FAD1D8F8BC1052
:102C5000E26F21F440211143C8F8BC1061780906E5
:102C60001FD5D4F880106FF0010202EB3152022A16
:102C700008D34FEA315129B1012906D104F13000BE
:102C800002F04CF820B181460BE001200028FAD177
:102C9000D8F8BC10D4F8802021F440111143C8F8B2
:102CA000BC10A178C9071CD0D4F88410002918BF23
:102CB000B1F1007F02D158B1814612E0B1F1807FBD
:102CC00012BF012004F1300002F028F80028F3D1EF
:102CD000D8F8BC10D4F8842021F040711143C8F812
:102CE000BC106179C9061CD5D4F88810002918BF1A
:102CF000B1F1006F02D158B1814612E0B1F1806F9D
:102D000012BF012004F1300002F008F80028F3D1CE
:102D1000D8F8BC10D4F8882021F040611143C8F8DD
:102D2000BC10D4E9001240F61C46C4F2024612055B
:102D300008D5326822F400423260D4F8C8203368E3
:102D40001A43326089031AD5D4F88C104FEA312126
:102D5000052900F27D82DFE811F00600AD02520283
:102D600006000600060008B1814608E0D8F8B41055
:102D7000D4F88C2021F4E0611143C8F8B410A17894
:102D800049071AD5D4F890104FEA3131052900F2DD
:102D90006182DFE811F006009402390206000600A5
:102DA000060008B1814608E0D8F8B410D4F89020A5
:102DB00021F4E0411143C8F8B410A178890613D575
:102DC000D4F8A010052900F24782022900F02182E0
:102DD00008B1814608E0D8F8C010D4F8A02021F04E
:102DE00007011143C8F8C010D4E90012920509D5B3
:102DF000D4F8A42042F00803082B18BF01200028B3
:102E000055D0814689012AD54FF60847CFF6FF777E
:102E10008246F05940F00100F051FEF709F80546EE
:102E2000F059C00707D1FEF703F8401B0328F7D37A
:102E3000032098B901E0504680B9D8F8C81011F4C1
:102E4000407100F04682D4F8BC20914240F05A8292
:102E5000C90740F04282002800F06E828146216856
:102E60004A0114D5D4F898206FF0010303EB321314
:102E7000022B0AD34FEA32133BB1012B35D1D8F8DC
:102E8000003043F40033C8F8003088B3814649026B
:102E900037D5D4F89C10402913D011BBD8F80010B6
:102EA00041F40031C8F8001088B1814629E0D8F813
:102EB000C03023F008031A43C8F8C0208901A3D406
:102EC000CDE704F1080001F0B3FE0028EDD1D8F8F9
:102ED000BC10D4F89C2021F040011143C8F8BC106C
:102EE0000FE001200028E0D1F1E701200028CDD13A
:102EF000D8F8C03023F030031A43C8F8C020490284
:102F0000C7D4E17809071DD5D4F8AC10042900F224
:102F10003E81DFE811F006012401080005000500EC
:102F200038B181460EE004F1300001F0F7FE0028D0
:102F3000F7D1D8F8B810D4F8AC2021F0070111432C
:102F4000C8F8B810E178C9061FD5D4F8B0104FEA18
:102F5000F101042900F22081DFE811F0ED00090100
:102F600008000500050038B181460EE004F130008C
:102F700001F0D4FE0028F7D1D8F8B810D4F8B0206A
:102F800021F038011143C8F8B810E17889061FD53F
:102F9000D4F8B4104FEAB111042900F20281DFE83D
:102FA00011F0D400EE0008000500050038B181469C
:102FB0000EE004F1300001F0B1FE0028F7D1D8F89E
:102FC000B810D4F8B42021F4E0711143C8F8B81057
:102FD000E17849061AD5D4F8B8104FEA71210529CD
:102FE00000F23C81DFE811F0060070011A010600D2
:102FF0000600060008B1814608E0D8F8B810D4F8F9
:10300000B82021F460611143C8F8B810217989070C
:103010001CD5D4F8A810032900F27E80DFE801F067
:103020000205740248B1814610E0D8F8001041F45E
:103030000031C8F800100028F5D1D8F8BC10D4F839
:10304000A82021F003011143C8F8BC1021794907D9
:1030500020D5D4F89410D1B1B1F5007F13D0B1F5DB
:10306000807F49D1D8F8001041F40031C8F8001031
:1030700078B9D8F8C010D4F8942021F440711143E5
:10308000C8F8C01006E004F1080001F0D1FD0028E6
:10309000EFD081462179C9061DD5D4F8C410302956
:1030A0000FD0202909D010292AD1D8F8001041F4D6
:1030B0000031C8F8001078B904E004F1300001F0E4
:1030C0002DFE48B9D8F8BC00D4F8C41020F0300068
:1030D0000843C8F8BC0048462179090758BFBDE835
:1030E000F087D8F8C010D4F8C02021F0C0011143F7
:1030F000C8F8C010BDE8F08701200028C9D1B8E7A2
:1031000001200028E8D1DDE704F1080001F090FD7E
:1031100000287FF488AF90E7012000287FF483AF78
:103120008BE7D8F8001041F40031C8F800100028EF
:103130007FF4F7AEFDE6D8F8001041F40031C8F88E
:10314000001000287FF410AF16E7D8F8001041F403
:103150000031C8F8001000287FF429AF2FE704F1F0
:10316000080001F065FD00287FF4DBAEE1E604F124
:10317000080001F05DFD00287FF4F6AEFCE604F1E6
:10318000080001F055FD00287FF411AF17E701207A
:1031900000287FF4C6AECCE6012000287FF4E4AE20
:1031A000EAE6012000287FF402AF08E704F13000CE
:1031B00001F0B4FDFFF75BBC04F1300001F0AEFD9F
:1031C000FFF773BC04F1300001F0A8FDFFF789BCE4
:1031D00004F1300001F0A2FDFFF79FBC04F13000C4
:1031E00001F09CFDFFF7B5BC04F1300001F096FD45
:1031F000FFF7CBBC04F1300001F090FDE1E404F1F5
:10320000300001F08BFDAEE504F1300001F086FDE9
:10321000C7E504F1080001F00BFDD9E504F1300029
:1032200001F07CFDE6E60120FFF721BC0120FFF75D
:103230003CBC0120FFF755BC0120FFF76EBC01200C
:10324000FFF787BC0120FFF7A0BC0120FFF7B9BC46
:10325000012088E50120A4E50120B9E50120C9E6A7
:1032600004F1080001F0E4FCFFF701BC04F10800E0
:1032700001F0DEFCFFF719BC04F1080001F0D8FCF6
:10328000FFF72FBC04F1080001F0D2FCFFF745BCAA
:1032900004F1080001F0CCFCFFF75BBC04F108006E
:1032A00001F0C6FCFFF771BC04F1080001F0C0FC9E
:1032B000FFF787BC04F1080001F0BAFC53E504F104
:1032C000080001F0B5FC6CE504F1080001F0B0FC69
:1032D00090E60021C9073FF4BEAD8246FDF7A8FD88
:1032E000054641F2893700BFD8F8C80080071FD4CF
:1032F000FDF79EFD401BB842F6D3032000287FF463
:10330000ADAD19E0D8F8C810D8F8C82021F4407144
:1033100042F48032C8F8C820D8F8C82022F480329D
:10332000C8F8C820C8F8C810C9073FF494ADD4E75E
:10333000504600287FF492ADD4F8BC1032684FF6A6
:10334000CF7701F4407322F47C52C0F2FF0707EA02
:103350001117B3F5407F08BF3A433260D8F8C82050
:103360006FF31F3122F44072C8F8C820D8F8C82083
:103370001143C8F8C81072E52DE9F04381B0002868
:1033800000F0CF8042F20008C4F202080446D8F8E8
:1033900000000D4600F00F0088420DD2D8F8000062
:1033A00020F00F002843C8F80000D8F8000000F013
:1033B0000F00A84240F0B580206840F62047C106C3
:1033C000C4F202470CD561693A68702303EA1222FD
:1033D000914205D93A6822F4E04242EA012139607B
:1033E00001070CD521693A68702303EA1212914251
:1033F00005D93A6822F4E06242EA011139604107D6
:103400000AD5E1683A6802F07002914204D93A683C
:1034100022F070021143396081070AD5A1683A6829
:1034200002F00F02914204D93A6822F00F021143D0
:103430003960C00767D1206881070AD5A1683A685A
:1034400002F00F02914204D23A6822F00F021143B7
:103450003960D8F8001001F00F01A9420CD9D8F852
:10346000001021F00F012943C8F80010D8F800100F
:1034700001F00F01A94254D141070AD5E1683A6829
:1034800002F07002914204D23A6822F070021143B5
:10349000396001070CD521693A68702303EA1212DA
:1034A000914205D23A6822F4E06242EA01113960A1
:1034B000C0060CD560693968702202EA1121884281
:1034C00005D2396821F4E04141EA0020386000F07B
:1034D00005F9396849F27F0201F00F01C0F60002D8
:1034E000525C40F22001C2F20001096840F204037C
:1034F00020FA02F2C2F2000308461A6001B0BDE8E9
:10350000F043FDF7CFBC606857F8201C01280CD0B1
:10351000022804D0032859D1890102D507E0890384
:1035200005D4012001B0BDE8F0838905F9D557F82D
:10353000041C21F00301084347F8040CFDF778FC54
:1035400061680646032941F2883938D0022928D01B
:1035500001290FD157F8040C00F0180008283FF497
:103560006AAFFDF765FC801B48454FF00300F1D9B9
:103570000DE000BF57F8040C10F0180F3FF45BAFDC
:10358000FDF756FC801B48454FF00300F2D901B00F
:10359000BDE8F083FDF74CFC801B48454FF003006D
:1035A000F5D857F8040C00F018001028F2D142E7C3
:1035B000FDF73EFC801B48454FF00300E7D857F865
:1035C000040C00F018001828F2D134E78907A8D5B8
:1035D000ADE7000080B500F081F840F62041C4F26C
:1035E0000241096849F27F0201F00F01C0F60002B2
:1035F000515C01F01F01C84040F20401C2F2000119
:10360000086080BD80B500F069F840F62041C4F242
:1036100002410A6849F27F0302F00F02C0F600037C
:103620009A5C02F01F02D04040F20402C2F2000293
:103630001060096849F28F02C1F30211C0F600025E
:10364000515C01F01F01C84080BD000080B500F052
:1036500045F840F62041C4F202410A6849F27F036E
:1036600002F00F02C0F600039A5C02F01F02D04085
:1036700040F20402C2F200021060096849F28F02AF
:10368000C1F30221C0F60002515C01F01F01C840E5
:1036900080BD000080B500F021F840F62041C4F262
:1036A00002410A6849F27F0302F00F02C0F60003EC
:1036B0009A5C02F01F02D04040F20402C2F2000203
:1036C0001060096849F28F02C1F30231C0F60002AE
:1036D000515C01F01F01C84080BD000080B540F67C
:1036E0000041C4F20241C86900F01800082802BF76
:1036F00040F60010C0F23D0080BDC86910F0180F00
:1037000034D0C86900F01800102802BF47F6400006
:10371000C0F27D1080BDC86900F01800182849F279
:103720000000C0F2D03063D1D1F828E08A6AC2F339
:10373000052C8A6A8B6BBCF1000F04BF002080BD92
:10374000DB08D20603EAE2726FF35F3200EE102A62
:103750000EF00302B8EE400A032A14D0012A15D154
:103760000A68920615D49FED241A1AE008688006AC
:1037700049F20000C0F2D03058BF80BD0968C1F3E3
:10378000C101C84080BD9FED1B1A0AE09FED1B1AC6
:1037900007E00A68C2F3C102D04001EE100AB8EE99
:1037A000411A02EE10CA486BB8EE422A6FF35F204E
:1037B00081EE021A02EE100A9FED113AB8EE422A8B
:1037C00020EE030A486B30EE020AB7EE002AC0F37F
:1037D000462030EE020A013021EE000A01EE100A06
:1037E000B8EE411A80EE010ABCEEC00A10EE100AD3
:1037F00080BD00BF20BCBE4B0024744C0024744A22
:1038000000000039002804BF012070472DE9F04373
:1038100081B040F6004740F6F0490446C4F2024742
:10382000C4F20249F86959F8C81C227800F0180857
:10383000D00601F0030629D5B8F1080F1BD0B8F166
:10384000180F08BF022E16D0E1693868002900F071
:10385000788140F480703860FDF7EAFA054600BFD1
:10386000386880050BD4FDF7E3FA401B02284FF0BF
:103870000300F5D94AE2E069002800F0E680B86963
:10388000216A20F47C1040EA0140B8612078C0072A
:1038900019D0B8F1100F12D0B8F1180F08BF032ECD
:1038A0000DD065683868B5F5A02F80F23E81002DF7
:1038B00000F0B981B5F5803F00F0C881A8E16068EB
:1038C000002800F0C2802078800765D5B8F1000F8D
:1038D00021D0B8F1180F08BF012E1CD0E16838685C
:1038E000002900F07181216920F018000843386038
:1038F000386840F001003860FDF79AFA054600BFCD
:103900003868800741D4FDF793FA401B02284FF036
:103910000300F5D9FAE1E068002800F09680B8F1DC
:10392000000F26D13968206901F01801814220D0AA
:10393000396821F0180108433860FFF7CFFE396A73
:1039400049F27F0201F00F01C0F60002515C40F223
:10395000040201F01F0120FA01F140F22000C2F23E
:1039600000000068C2F200021160FDF79BFA002817
:103970006BD1FDF75DFA05463868800705D4FDF781
:1039800057FA401B0228F7D979E03869616920F4B9
:10399000FE0040EA014038612078000759D42078C1
:1039A000400770D42078800600F19380A56A002D2E
:1039B00000F02682B8F1180F40F0E58059F8C81CD5
:1039C00059F8BC0C012D40D0E26A01F00303934288
:1039D0003BD1C1F30521226B914236D1626B014686
:1039E0006FF35F21013A91422FD1A16BC0F34622C0
:1039F00001398A4229D1E16BC0F3064201398A427A
:103A000023D1216CC0F30660013988421DD159F8D9
:103A1000B80CE16CC0F3CC00884200F0F18159F899
:103A2000C80C20F0100049F8C80CFDF701FA054653
:103A3000FDF7FEF9A842FBD0E06CC00049F8B80CD5
:103A400059F8C80C40F01000D8E1012001B0BDE8E1
:103A5000F083A169D9F80000002951D040F08060BE
:103A6000C9F80000FDF7E4F9054600BFD9F80000E9
:103A7000000194D4FDF7DCF9401B0228F6D903209D
:103A800001B0BDE8F0834FF62446CFF6FF76B85973
:103A9000C00712D1B85940F00100B851FDF7C8F97C
:103AA000054600BFB859C00707D1FDF7C1F9401B53
:103AB00002284FF00300F5D928E1A568D9F80000E5
:103AC000042D51DC002D00F0EF80012D00F0078166
:103AD000DBE0616A3868002900F0888040F480509B
:103AE0003860FDF7A5F90546386880043FF55EAFFC
:103AF000FDF79EF9401B02284FF00300F4D905E1C1
:103B000020F08060C9F80000FDF792F9054600BF7B
:103B1000D9F8000000017FF542AFFDF789F9401B9D
:103B200002284FF00300F3D9F0E000F08780B5F5EC
:103B3000A81F6DD140F480203860386840F48010B0
:103B400082E020F480703860FDF772F9054600BF0E
:103B5000386880057FF59AAEFDF76AF9401B0228A8
:103B60004FF00300F4D9D1E0052D00F0AC80852D95
:103B700040F08B8040F00400C9F80000D9F8000044
:103B800040F08000A7E0386820F080703860FDF7D2
:103B90004FF9022D05460BD13868800140F1C680EF
:103BA000FDF746F9401B02284FF00300F4D9ADE0C1
:103BB0003868800140F11B81FDF73AF9401B02286B
:103BC0004FF00300F4D9A1E020F001003860FDF7C8
:103BD0002FF90546386880077FF5DEAEFDF728F936
:103BE000401B02284FF00300F4D98FE020F48050EE
:103BF0003860FDF71DF90546386880047FF5D6AEBC
:103C0000FDF716F9401B02284FF00300F4D97DE0C0
:103C100020F480303860386820F4802038603868BC
:103C200020F4801014E020F480303860386820F4EC
:103C300080103860386820F4802009E040F480204B
:103C40003860386820F480103860386840F480307C
:103C50003860FDF7EDF8002D054612D03868800376
:103C60003FF531AEFDF7E4F8401B64284FF0030048
:103C7000F4D94BE0FDF7DCF8401B64284FF003005B
:103C800044D838688003F5D41DE620F00100C9F857
:103C90000000D9F8000020F00400C9F80000D9F8AD
:103CA000000020F080001CE020F00100C9F80000B6
:103CB000D9F8000020F08000C9F80000D9F8000011
:103CC00020F004000DE040F00400C9F80000D9F82D
:103CD000000020F08000C9F80000D9F8000040F092
:103CE0000100C9F80000FDF7A3F8002D054641F2D8
:103CF000883616D0D9F8000080073FF553AEFDF79F
:103D000097F8401BB0424FF00300F3D901B0BDE873
:103D1000F08300BFFDF78CF8401BB0424FF003006A
:103D2000F4D8D9F800008007F4D43BE659F8C80C61
:103D300043F6037104F12C0388430ECB084340EA99
:103D40000220A16B49F8C80C4FF47E4202EB4121DE
:103D5000E26B581E4FF4FE0389B203EB02426FF38D
:103D60005F20084402F4FE01226C4FF0FE4303EB97
:103D70000262084402F0FE41084449F8BC0C59F8BC
:103D8000C80C20F0100049F8C80CE06CC00049F8DD
:103D9000B80C59F8C80C40F0100049F8C80C59F894
:103DA000C80C616C20F00C00084349F8C80C59F8A5
:103DB000C80CA16C20F02000084349F8C80C59F841
:103DC000C80C40F4803049F8C80C386840F0807066
:103DD0003860FDF72DF804463868800110D4FDF7EF
:103DE00027F8001B02284FF00300F5D98EE759F899
:103DF000C80C4FF6FC71CFF6F871084049F8C80CB2
:103E0000002001B0BDE8F083002804BF0120704706
:103E10002DE9F041016844F6004441F08053C5F2B9
:103E200001040022A342826202D1C2680F2A45D84F
:103E3000C268C36B012404EB53130832D20802FB9F
:103E400003F244F60043C4F2010399420DD043F655
:103E50000043C5F2000303F58833994207D1082ACD
:103E600084BF0120BDE8F08101E0082A26D842F68F
:103E7000FF73C4F20103994212DD43F20003C4F25E
:103E80000103994218D043F60003C5F2000399429A
:103E900012D043F20003C5F2010399420CD010E0A6
:103EA00043F60003C4F20003994205D043F60043F1
:103EB000C4F20003994204D1102A0DD90120BDE8B3
:103EC000F08143F60043C5F20003994204D1102A61
:103ED00084BF0120BDE8F08190F8891031B900213C
:103EE00080F88810044600F079F82046022180F816
:103EF00089100168D0F818E00A68BEF1806F22F0DE
:103F000001020A608B680FD144682CB1B4F5800FB0
:103F10000AD1826B22B13CB9826BB2F1805F03D1CE
:103F20000A6842F480520A60D0F8048003F4F8135F
:103F30005FEA482C08D5C268072A05D30A68056DD0
:103F400022F480722A4302E00A6822F480720A6036
:103F5000C269856AC66B1A432A43324300F10807D7
:103F6000E8CF2A438A60D0E90D24456ABCF1000FEE
:103F700042EA050242EA0402D0E9125442EA060289
:103F8000066A42EA070242EA060242EA040242EAFA
:103F90000302836D42EA0502C46D42EA0302036E26
:103FA00042EA040242EA030242EA0E0242EA08023C
:103FB000CA600A6D22F001020A6505D5CA68436D20
:103FC00022F000421A43CA600021C0F88C1001217F
:103FD00080F889100020BDE8F0810000F0B5BBB08A
:103FE0000446002502A8D0213A95CDE93855CDE9FF
:103FF0003655FCF709FC206843F60041C4F2000185
:10400000884201D03BB0F0BD4FF00050029002A8B2
:1040100003952F95FEF708FD002818BFFCF7E2FD79
:1040200040F68C40C4F20240016940F2004441F481
:10403000004101610169C4F2022401F400410191CF
:104040000199016836AD41F0020101600168022664
:1040500001F00201019101990168002741F004017A
:1040600001600068294600F00400019001980120D9
:10407000369005203A9020463796CDE93877FCF700
:1040800009FE04203A9020462946CDE93666CDE95E
:104090003877FCF7FFFD4FF4805036A9C1C10620E8
:1040A0003A9004F5806029463997FCF7F3FD3BB060
:1040B000F0BD00002DE9F047D0F800901D461746EE
:1040C00004460E46FCF7B4FE94F8891001290CD181
:1040D0008046002E4FF0010018BF002F01D1BDE82F
:1040E000F08794F88800012802D10220BDE8F0870B
:1040F00001200321002284F8880084F88910C4F884
:104100008C206666A4F86870A4F86A70E266A4F869
:104110007020A4F87220A168A267B1F5C02F2168B1
:10412000E26704D1086840F40060086003E0CA68F0
:1041300060F35242CA60D4E900014FF6FF7342684F
:104140009A433A4442600268B1F5800F42F001029E
:10415000026003D1016841F400710160E168102937
:104160005DD343F2FF72C5F20002904210DC43F6C9
:104170000002C4F2000290421CD043F60042C4F296
:104180000002904216D043F20002C4F201020FE096
:1041900043F60002C5F2000290420BD043F2000247
:1041A000C5F20102904205D043F60042C5F200027A
:1041B000904234D1B4F86A00002800F0A8806E1C48
:1041C0000FE000BF616E51F8042B02626166B4F823
:1041D0006A000138A4F86A00B4F86A00002800F008
:1041E0009680206841698907ECD4FCF721FE002EF7
:1041F000F2D0A0EB0800A842EED3204600F004FE67
:10420000D4F88C0040F48070C4F88C00012084F84D
:104210008900002084F888000320BDE8F087B4F806
:104220006A00072931D9002871D04FF6FE706E1C44
:10423000471C0FE0616E31F8020BA9F820003846E8
:104240006166B4F86A100844A4F86A00B4F86A0019
:1042500000285CD020684169890708D4FCF7E8FD94
:10426000002EF3D0A0EB0800A842EFD3C5E7B4F8C6
:104270006A100229DED3E16B0029DBD0616E51F8B0
:10428000042B02624FF6FE70DAE700283FD04FF6AB
:10429000FE706E1CA0F1020A471C0FE0616E0978E7
:1042A00080F82010606E411C38466166B4F86A10D0
:1042B0000844A4F86A00B4F86A0040B32068416971
:1042C000890708D4FCF7B4FD002EF4D0A0EB080059
:1042D000A842F0D391E7B4F86A10042908D3E16B3F
:1042E000412905D3616E51F8042B02625046DCE788
:1042F000B4F86A100229D1D3E16B0029CED0616EE7
:1043000031F8020BA9F820004FF6FE70CDE76E1CC5
:104310002068406907070FD4FCF78AFD002EF7D00C
:10432000A0EB0800A842F3D3002F05D4D4F88C00EA
:1043300040F02000C4F88C00204600F065FD01200C
:1043400084F88900002084F88800D4F88C000028C4
:1043500018BF0120BDE8F0872DE9F04F81B0D0F8FB
:1043600000A0D0F83CB01E46174604460D46FCF7A8
:104370005FFD94F8891001290ED180464FF00100AD
:104380001DB1002F18BF002E02D101B0BDE8F08F83
:1043900094F88800012803D1022001B0BDE8F08F15
:1043A000012084F888000520002184F88900C4F8E1
:1043B0008C10E766A4F87260A4F870606566A4F8D3
:1043C0006A602068A4F86860A167E167C16843F289
:1043D000FF72C5F20002B14621F4C02190424FF0B5
:1043E0001007C16010DC43F60001C4F200018842EE
:1043F0001DD043F60041C4F20001884217D043F2B9
:104400000001C4F201010FE043F60001C5F2000112
:1044100088420CD043F60041C5F20001884206D024
:1044200043F20001C5F20101884218BF0827416824
:104430004FF6FF73994349444160016841F001011F
:1044400001606168B1F5800F4FF0010103D103688D
:1044500043F400730360E36801EB5B11102B7CD322
:10446000904210DC43F60002C4F2000290421CD0DD
:1044700043F60042C4F20002904216D043F200021A
:10448000C4F201020FE043F60002C5F200029042BE
:104490000BD043F20002C5F20102904205D043F670
:1044A0000042C5F20002904257D1002E18BF0126EB
:1044B00000F05A811FFA81FB0A99BF08012001F11F
:1044C000010A4D461AE000BF096BE06E016004303E
:1044D000E066B4F872000138A4F87200B4F8729083
:1044E000AEB21FFA89F0002E18BF012645EA090175
:1044F000002818BF0120090400F0368121681FFA46
:1045000089F24B69F60718BF13F002030FD017FAB0
:1045100085F393420BD9636E53F8046B0E626366A6
:10452000B4F86A30013BA4F86A30B4F86A504B69B9
:10453000C007D5D04869C007C6D15A4502D213F486
:104540000040C1D1FCF774FCBAF1000FC8D00A9941
:10455000A0EB08008842C3D3F3E0072B72D9002EEA
:1045600018BF012600F000811FFA81FC0A994FF65E
:10457000FF727F0801200131551ECB4600911DE0DE
:10458000BAF83010E06E20F8021B4FF6FF71E066BB
:10459000B4F872000844A4F87200B4F872901FFADC
:1045A0008BF61FFA89F0002E18BF01264BEA09018D
:1045B000002818BF0120090400F0D68022681FFAE5
:1045C00089F15369F60718BF13F0020310D017FAE8
:1045D0008BF38B420CD9636E33F8026BAAF8206020
:1045E0006366B4F86A30013BA4F86A30B4F86AB084
:1045F0005369C007D3D05069C007C1D161450ED2FD
:1046000013F400400BD0BAF83000E16E0880BAF81D
:10461000300021F8020FE166881C2946B7E701291E
:1046200002D113F40050ABD16646FCF701FC0099AF
:1046300031B10A99A0EB08008842B446AFD380E0BC
:10464000B446ACE7002E18BF012600F08D801FFA9B
:1046500081FA0A994FF6FF7201200131D51ECB462F
:1046600000911DE092F83000E16E08704FF6FF7087
:10467000E16E0131E166B4F872100844A4F87200EA
:10468000B4F872901FFA8BF61FFA89F0002E18BF4B
:1046900001264BEA0901002818BF0120090463D054
:1046A00022681FFA89F15369F60718BF13F0020355
:1046B00011D017FA8BF38B420DD9636E1B7882F8F9
:1046C0002030626E01326266B4F86A20013AA4F8C2
:1046D0006A20B4F86AB02268C0075369D2D0506922
:1046E000C007BFD151451DD213F400401AD092F833
:1046F0003000E16E0870E06E2168421CE26691F8BD
:1047000030104170E06E2168421CE26691F8301072
:104710004170E06E2168421CE26691F830104170F1
:104720002846A5E7032902D813F4C0409AD1FCF724
:104730007FFB00990029A5D00A99A0EB08008842C8
:10474000A0D3204600F060FBD4F88C0040F48070C9
:10475000C4F88C00012084F88900002084F88800C7
:10476000032001B0BDE8F08F0A9F7D1C20684069DE
:1047700006070FD4FCF75CFB002DF7D0A0EB080078
:10478000B842F3D3002E05D4D4F88C0040F02000BA
:10479000C4F88C00204600F037FB012084F8890023
:1047A000002084F88800D4F88C00002818BF01206D
:1047B00001B0BDE8F08F0000042888BF7047DFE833
:1047C00000F0031A13332B004EF21000CEF200005B
:1047D000016821F00401016040F6E440C4F20240A7
:1047E000016821F00C011EE04EF21000CEF2000034
:1047F0000168022205E04EF21000CEF200000168CE
:10480000012221F00401016040F6E440C4F20240BC
:10481000016862F3830106E04EF21000CEF2000060
:10482000016841F00401016070470000411E002052
:10483000B0EB116F1CBF012070474EF21002CEF298
:10484000000251609060116841F0030111607047EF
:104850004EF21000CEF200000068400744BF042072
:10486000704740F6E440C4F20240006800F00C01DA
:10487000081FB0FA80F04009082908BF02207047DD
:1048800090F88410012904BF022070472421C0F849
:10489000881001680A680B6822F0005223F00103B7
:1048A0000B60002343660A602021C0F8881080F85E
:1048B000843000207047000090F88420012A04BF53
:1048C00002207047B0B50123242280F88430C0F85C
:1048D00088200268D0F864E0D2F800C01468BEF105
:1048E000000F24F001041460946824F0606441EA2D
:1048F000040191601BD09168936849F2D40E5B0F5C
:10490000C0F6000E49F2DC051EF80340C0F60005B3
:10491000EB5CE400B4FBF3F3C1F34261A0F86A304E
:104920001EF80130695CDB00B3FBF1F301E0A0F895
:104930006A302021A0F86830C2F800C0C0F88810A2
:10494000002180F884100020B0BD000090F8842081
:10495000012A04BF02207047B0B50123242280F849
:104960008430C0F888200268D0F864E0D2F800C033
:104970001468BEF1000F24F001041460946824F060
:10498000604441EA040191601BD09168936849F248
:10499000D40E5B0FC0F6000E49F2DC051EF8034092
:1049A000C0F60005EB5CE400B4FBF3F3C1F3426135
:1049B000A0F86A301EF80130695CDB00B3FBF1F34C
:1049C00001E0A0F86A302021A0F86830C2F800C0E9
:1049D000C0F88810002180F884100020B0BD0000CD
:1049E00010B5D8B10446D0F8880028B9002084F862
:1049F0008400204600F026F82420C4F888002068AF
:104A0000A16A0268002922F0010202601CBF204650
:104A100000F012FB204600F0E3FB08B1012010BDBE
:104A20002168486820F490404860886820F02A0097
:104A30008860086840F0010220460A60BDE8104026
:104A400000F06EBBB0B5BCB00446002502A8D02172
:104A50003B95CDE93955CDE93755FBF7D5FE2068B3
:104A600043F60001C4F20101884201D03CB0B0BD60
:104A70000120029002A803951995FDF7D5FF0028A3
:104A800018BFFCF7AFF840F68C40C4F202408169D1
:104A900041F480418161816901F480410191019972
:104AA000016841F002010160006837A900F00200CE
:104AB000019001984FF44040379002203890002038
:104AC000CDE9390004203B9040F20040C4F20220BE
:104AD000FCF7E0F83CB0B0BD2DE9F04381B00446EE
:104AE000D0F8880020281EBF022001B0BDE8F08366
:104AF000884600294FF0010018BF002A02D101B0FA
:104B0000BDE8F08320681D4681681646090603D576
:104B1000816821F0800181600020C4F8900021208C
:104B2000C4F88800FCF784F9A4F85460A4F856602F
:104B3000A1680746B1F5805F02D12069002852D0F4
:104B4000C1464FF00008B4F8560060B36E1C0FE089
:104B5000B9F1000F1ED019F8010B21688862B4F872
:104B600056000138A4F85600B4F85600D8B100BF7A
:104B70002068C0690006EBD4002EF9D0FCF758F984
:104B800001464FF0030045B3C91BA94225D8206850
:104B90000068EDE738F8020B21686FF35F20886248
:104BA0004FF00009DBE72068C069400614D46E1C92
:104BB00004E000BF2068C06940060DD4002EF9D083
:104BC000FCF736F901464FF0030035B1C91BA94285
:104BD00003D820680068EDE700202021C4F8881081
:104BE00001B0BDE8F0834FF00009ACE7FEE700003C
:104BF00040F20002C2F200021268D1E9003CC0E9B2
:104C000000234B890C22C0E904320A898989C0F843
:104C100008C081614FF40041C1610021C26041625E
:104C2000FFF7DEBEFEE70000FEE700007047000071
:104C300070B540F62C46C4F2024656F82C1C0446C9
:104C400021F0806046F82C0CFCF7F2F8054600BF16
:104C500056F82C0C000105D5FCF7EAF8401B022899
:104C6000F6D958E0306843F60371884394E80E00A3
:104C7000084340EA0220E16830604FF47E4202EBD4
:104C800041212269581E4FF4FE0389B203EB024210
:104C90006FF35F20084402F4FE0162694FF0FE43A7
:104CA00003EB0262084402F0FE41084430613068C0
:104CB000A16920F00C00084330603068E16920F001
:104CC000200008433060606A316808433060306813
:104CD0004FF6F87120F0100030607069226A884346
:104CE00040EAC2007061306840F01000306056F851
:104CF0002C0C40F0806046F82C0CFCF799F8044628
:104D000056F82C0C000144BF002070BDFCF790F851
:104D1000001B0328F4D3032070BD000070B540F6DB
:104D20003046C4F2024656F8301C044621F080504A
:104D300046F8300CFCF77CF8054600BF56F8300CFE
:104D4000800005D5FCF774F8401B0228F6D958E01E
:104D5000306843F60371884394E80E00084340EA44
:104D60000220E16830604FF47E4202EB412122696B
:104D7000581E4FF4FE0389B203EB02426FF35F202B
:104D8000084402F4FE0162694FF0FE4303EB026245
:104D9000084402F0FE41084470613068A16920F0C7
:104DA0000C00084330603068E16920F020000843BF
:104DB0003060606A31680843306030684FF6F871DF
:104DC00020F010003060B069226A884340EAC200D7
:104DD000B061306840F01000306056F8300C40F0A0
:104DE000805046F8300CFCF723F8044656F8300C97
:104DF000800044BF002070BDFCF71AF8001B032898
:104E0000F4D3032070BD0000016840F26F32D1F886
:104E100014C08B6943F008038B618B6943F0100366
:104E20008B610B6823F001030B600B6923EA02021C
:104E30000A618A6822F440428A6090F88920042A34
:104E400018BF1CF0200209D0D0F88C2042F080025C
:104E5000C0F88C208A6942F020028A6190F889208B
:104E6000032A18BF1CF0400215D15FEA8C521FD4F0
:104E70005FEACC5209D5D0F88C2042F00802C0F885
:104E80008C208A6942F480728A610021A0F86A103D
:104E9000A0F872107047D0F88C2042F00402C0F8DD
:104EA0008C208A6942F040028A615FEA8C52DFD529
:104EB000D0F88C2042F00102C0F88C208A6942F4BC
:104EC00000728A615FEACC52D5D4DEE770470000F9
:104ED000FBF7B4BF10B59CB040F6100408A85021F1
:104EE000C4F20244FBF790FC0020CDE90600CDE9B6
:104EF0000400CDE90200206820F030002060206826
:104F000000F030000190019860680007FCD5402255
:104F100032200D924FF480520890012011924FF4EC
:104F200080720DF1500C0B900F92202202238CE81E
:104F30000D0003200821CDE91703002408A80C91D7
:104F40001092CDE912331991CDE91A44FEF75AFCBB
:104F500008B172B6FEE71F20CDE9020402A80121C4
:104F6000CDE90444CDE90644FEF706FA08B172B66D
:104F7000FEE742F20000C4F20200016821F03001B5
:104F800001601CB010BD00004EF6885CCEF2000C33
:104F9000DCF80010012241F47001CCF8001040F65A
:104FA0000041C4F202410A600022CA610A620B6831
:104FB0004EF6E320CEF6E2201840086040F2802052
:104FC000C0F201108A62CA620A6348638A63C863D6
:104FD0000A6448648A64086820F4802008600A65CE
:104FE0004FF0006042F21C01C4F202014CF8800C48
:104FF00051F8040C420F062A05D800F06040B0F1C9
:10500000404F18BF70470868C0070BD042F63B20DE
:10501000C0F6190041F8100C46F67F60C4F65D40FA
:1050200041F8100C086840F002000860086840F081
:105030000100086070470000816A0A070CD4CA07A3
:1050400015D18A071ED44A0727D4CA0630D48A0647
:1050500039D44A0642D457E00268D0F838C05368C1
:1050600023F4004343EA0C035360CA07E9D0026803
:10507000D0F82CC0536823F4003343EA0C03536088
:105080008A07E0D50268D0F830C0536823F4803333
:1050900043EA0C0353604A07D7D50268D0F834C0FE
:1050A000536823F4802343EA0C035360CA06CED529
:1050B0000268D0F83CC0936823F4805343EA0C03A1
:1050C00093608A06C5D50268D0F840C0936823F47F
:1050D000005343EA0C0393604A0615D5D0F800C08C
:1050E000436CDCF80420B3F5801F22F4801242EAFE
:1050F0000302CCF8042007D1DCF80420836C22F4EE
:10510000C0021A43CCF80420090658BF7047016852
:10511000C06C4A6822F400221043486070470000C7
:10512000B0B582B004460020C4F89000FBF780FEC2
:1051300021680546096809071AD56FF07E4C20469C
:105140004FF4001100222B46CDF800C000F04AF9C0
:1051500070B100BF206850E8000F216820F0800087
:1051600041E80002002AF5D103202021882230E006
:1051700020680068400723D56FF07E4C20464FF42E
:10518000800100222B46CDF800C000F02BF9B8B109
:10519000206850E8000F216820F4907041E8000278
:1051A000002AF5D1206850E8020F216820F00100A4
:1051B00041E80202002AF5D1032020218C2208E0D8
:1051C0002020C4F88800C4F88C0000217022002040
:1051D000E166A150002184F8841002B0B0BD000047
:1051E00070B504462269D4E902130068114362696C
:1051F000E5690668114346F6F312CCF6FF723240B9
:10520000114329430160416842F2004C21F44051AE
:1052100019434160A36940F08051C5F2004C6145DB
:105220001CBF266A334386684FF2FF42C1F2FF1269
:1052300032401A438260C26A636A22F00F021A4344
:1052400044F6FF73C4F200039842C26216DD43F2D3
:10525000FF72C4F20102904227DC45F20002C4F260
:105260000002904200F0AF8046F20042C4F2000219
:10527000904260D1202061452CD05FE044F2004292
:10528000C4F20002904222D044F60002C4F20002AE
:10529000904200F0A28044F60042C4F20002904224
:1052A00049D10820614515D048E043F60002C4F218
:1052B0000102904200F08C8042F20042C4F20042AF
:1052C000904238D14FF48050614503D036E002203F
:1052D000614533D100210025FCF784FE00286AD007
:1052E000616A49F29802C0F6000232F8112066683D
:1052F000B0FBF2F106EB4603012599425BD3330381
:10530000994258D800210023FBF734F8090241EAFA
:105310001061000210EB560041F1000132460023FB
:10532000FBF728F84FF60052A0F54071C0F20F02CB
:1053300091423BD33EE000206145CBD00021FCF7F9
:1053400051FEB5F5004F1CD190B3616A49F2980245
:10535000C0F6000232F811106268B0FBF1F051089B
:1053600001EB4000B0FBF2F04FF6EF72A0F110013C
:1053700091421FD84FF6F071C0F34202084010442A
:1053800014E0A8B1616A49F29802C0F6000232F84E
:1053900011106268B0FBF1F000EB5200B0FBF2F0CC
:1053A0004FF6EF72A0F11001914203D82168C86056
:1053B000002500E001254FF00110A06600212846DD
:1053C0006167A16770BD102061453FF483AFB5E709
:1053D000012061453FF47EAFB0E7042061453FF412
:1053E00079AFABE72DE9F04381B004460068C069AE
:1053F0000840401AB0FA80F04009904257D1DDF8D9
:10540000208015460E46994608F1010709E000BFC5
:105410002068C0693040801BB0FA80F04009A84283
:1054200045D1002FF4D0FBF703FD0146B8F1000F82
:105430004FF003003CD0A1EB0901414538D820686A
:1054400001684907E4D5402E18BF802EE0D0C1691D
:10545000090730D4C1690905DAD54FF4006101624A
:10546000206850E8000F216820F4907041E80002A5
:10547000002AF5D14FF6FE70CEF6FF70216851E894
:10548000021F2268014042E80213002BF6D1E06EB1
:10549000012809D1206850E8000F216820F0100091
:1054A00041E80002002AF5D1032020212CE0002051
:1054B00001B0BDE8F0830821016200BF206850E818
:1054C000000F216820F4907041E80002002AF5D115
:1054D0004FF6FE70CEF6FF70216851E8021F226879
:1054E000014042E80213002BF6D1E06E012809D1F9
:1054F000206850E8000F216820F0100041E8000209
:10550000002AF5D1012008212022C4F88C20002295
:10551000E2666267C4F8901084F8842001B0BDE8A8
:10552000F0830000002804BF01207047016C21F0C7
:1055300000410164016C41F00101016400214164FA
:105540000020704780B5002000F016FF40F2BC300C
:10555000C2F20000BDE88040FBF766BD0146806DE9
:1055600040F4004200208A65704700000146806DCB
:1055700020F4004200208A657047000001460120A7
:105580000864086C002220F001000864086C20F018
:105590000040086400204A64704700000146006C27
:1055A0004BF6807220EA020200200A647047000075
:1055B0002DE9F0474A78012A57D1D1F818A00C6993
:1055C0000A7BA24528BFA246002A7CD0CB780A6A73
:1055D000022B40F0D38091F800E040F63F7CC0F20F
:1055E000FF7C50F82E30ACF59875A24203EA050412
:1055F00040F2158148F28012224340F82E200A6AB8
:1056000046F20048A2EB0A020A62032212FA8AF367
:1056100050F82E409F081AF003024FF0FF3518BFD4
:1056200005EB930763064FEA0A44C4F2010800F150
:10563000538158F83E30002F9BB248F83E3058F85E
:105640003E3043EA040348F83E300B89D1F8149009
:1056500003EB080600F05C817C424F4657F8043BA0
:10566000013446F8043BF9D353E10A7B002A64D0A5
:10567000CA78012A00F0C680022A1CBF0120BDE8BA
:10568000F087CB6940F63F7242F6D077C0F2FF72E6
:10569000002B02EB070C00F0BF800B7844F24006B1
:1056A00050F823703740B74218BF002F40F0B48045
:1056B00050F82370A2F13006374048F2C006374355
:1056C00040F8237055E0032212FA8AF74E69BA08AF
:1056D0001AF003044FF0FF3518BF05EB9702CF888F
:1056E00046F2004CC4F2010C07EB0C0532B15242F9
:1056F00056F8047B013245F8047BF9D364B1771E78
:105700000026002217F8013F013CB3401A4323044E
:1057100006F10806F6D12A600A785CF832309BB2AE
:105720004CF832305CF8323043EA0A434CF83230FD
:1057300040F63F7CC0F2FF7C82E18A691AB9CA78E0
:10574000002A00F0E28048F280030F7840F63F72B2
:10575000C0F2FF7250F82760A2F598752E403343CF
:1057600040F827300B698F699F428CBFFB1A0023DA
:105770008B6142F6D07302EB030C4DE0A2EB0A0200
:105780000A620F78032212FA8AF350F827409E0823
:105790001AF003024FF0FF3518BF05EB930646F2EF
:1057A0000045630640F63F7CC4F20105C0F2FF7C71
:1057B0004FEA0A436CD455F83740A4B245F8374055
:1057C00055F8374043EA040345F837300B894F69F1
:1057D0002B443EB1764200BF57F8045B013643F8D4
:1057E000045BF9D3002A00F02B81013F002600253D
:1057F00017F8014F013AB4402543140406F1080696
:10580000F6D11CE1002240F63F738A6142F6D07265
:10581000C0F2FF7303EB020C4BF2800212E148F27C
:105820008003234340F82E3046F20043C4F20103C4
:1058300053F83E400327A4B217FA82F743F83E40DC
:1058400053F83E40BE0844EA024412F0030243F813
:105850003E400D894FF0FF3418BF04EB97064F69A7
:105860002B442EB157F8045B013E43F8045BF9D199
:10587000002A00F0E580013F0026002517F8014FBF
:10588000013AB4402543140406F10806F6D1D6E0E7
:1058900005EBC7077C68A4B27C607C6843EA04031C
:1058A0007B604B894F692B4436B1764257F8045BD5
:1058B000013643F8045BF9D3002A00F0C180013FB0
:1058C0000026002517F8014F013AB440254314047F
:1058D00006F10806F6D1B2E008EBCE03002F5D68B2
:1058E000ADB25D605D6844EA05045C604B89D1F847
:1058F000149003EB080657D07C424F4657F8043B00
:10590000013446F8043BF9D34FE048F280131CE71A
:105910004F466AB1013F0024002500BF17F8013F40
:10592000013AA3401D43130404F10804F6D1356085
:105930000A690B6A09EB0A050024934208EBCE02C0
:105940004D6188BFA3EB0A040C6257684FF0030651
:10595000BFB25760576888BF534616FA83F647EAC6
:1059600003475760B70813F003024FF0FF3318BF27
:1059700003EB96074B89434437B100BF55F8046BDE
:10598000013F43F8046BF9D1002A59D06F1E00265D
:10599000002500BF17F8014F013AB4402543140415
:1059A00006F10806F6D14AE04F466AB1013F0024ED
:1059B000002500BF17F8013F013AA3401D4313041F
:1059C00004F10804F6D135600A690B6A09EB0A058F
:1059D00000244D61934288BFA3EB0A040C6258F87F
:1059E0003E204FF0030492B248F83E2058F83E2083
:1059F00088BF534614FA83F442EA0342A70848F8E2
:105A00003E2013F003024FF0FF3318BF03EB94075F
:105A10000B89434437B100BF55F8046B013F43F88D
:105A2000046BF9D162B16F1E0026002517F8014FF3
:105A3000013AB4402543140406F10806F6D11D606E
:105A400048F2B002097850F8213003EA0C035A40BA
:105A500040F821200020BDE8F0870000406C70472E
:105A600080B503F1030C4FEA9C0013F0030E02F122
:105A700080424FF0FF3318BF03EB9C0002F5B232B7
:105A800050B10439043A00BF52F8043F013841F8DC
:105A9000043FF9D104310432BEF1000F08BF80BDCC
:105AA00010680139002200BF20FA02F301F8013F1B
:105AB000AEF1010E5FEA0E4302F10802F4D180BD9F
:105AC000012907D000291CBF01207047016C21F07B
:105AD000004102E0016C41F0004101640020704788
:105AE000002904BF8021C1640020704780B503F104
:105AF000030C4FEA9C0013F0030E02F180424FF0BA
:105B0000FF3318BF03EB9C0002F5B23C58B10439D7
:105B1000ACF1040251F8043F013842F8043FF9D1D6
:105B2000043102F1040CBEF1000F08BF80BD481E15
:105B30000021002210F8013FAEF1010E8B401A4304
:105B40005FEA0E4301F10801F4D1CCF8002080BDDA
:105B5000FEE7000080B5531C02F11F0C4FEA530E04
:105B6000C0003E2A88BF4FEA5C1E5FFA8EFC4FF0F1
:105B7000FF3388BF53FA8EFC00EB810046F20041F0
:105B80004FEA8C23C4F201014FF4004E3E2A88BF35
:105B90004EEA8C2342581B0492B208BF4FF00043D8
:105BA0001A44425080BD00002DE9F04F81B040F210
:105BB0009C0BC2F2000B9BF80010B1F1FF0618BF5E
:105BC0000126FF293AD040F298084EF6F05949F2E2
:105BD000B00A04460027C2F20008CEF20009C0F65F
:105BE000000A00BFF8B2C9B281420BD9C000D8F890
:105BF000001050FA87F001EB80054DB1E9682046AE
:105C000088470BE04FF0000508BF5546002DF5D141
:105C1000D9F80000C00701D000BE00BF65B19BF8F5
:105C2000001001374A1CF8B2D2B290424FF0000681
:105C300038BF0126D6D301E0F00719D140F2FC1499
:105C4000C2F2000420463721FAF7DEFD4FF0FF30A4
:105C5000C4F82300C4F81F00C4F81B00C4F81700E0
:105C6000C4F81300C4F80F00C4F80B00C4F8070010
:105C700001B0BDE8F08F0000087840060BD14878ED
:105C8000052808D14888012161F3DF1046F24C0154
:105C9000C4F201010860002001210822FFF75ABF69
:105CA00070B540F2CC7301F00F001022C2F2000375
:105CB000082402EAD10203EB40104EB224EA11118B
:105CC00010440B1D0325807B46F2000C05FA03F3FC
:105CD00006310125C4F2010C05FA01F15CF820201F
:105CE000194448F68F7348F2800EC0F2FF7342EAFF
:105CF0000E04194302F4C0622023B6F1FF3FC8BF6F
:105D00004FF400532140B2F5806F18BF59404EF256
:105D10000812CEF200024FF48063C2F88030BFF365
:105D20004F8FBFF36F8F4CF82010BFF34F8FBFF32F
:105D30006F8F136070BD000080B54EF2081CCEF26C
:105D4000000C4FF48060CCF8800040F2F920C2F2E1
:105D50000000BFF34F8F011F46F20000BFF36F8FAB
:105D600001224FF0000EC4F201004FF6FF7300BF96
:105D700040F822E001328B60082A01F10401F7D1DA
:105D8000BFF34F8FBFF36F8F4FF48060CCF80000EC
:105D900040F21A30C2F20000C021018080BD000034
:105DA0002DE9F04F83B08A8891F802A06FF3DF22CB
:105DB0004FF0010CC87801928CEADA124FEADA143B
:105DC00040F2F9270AF00F0900F0030302F1020E76
:105DD0000094023400206FF00705C2F200074FF074
:105DE000000B00BF3A5D002A05F1080206D07E785C
:105DF0009E421FD13E784E451CD12AE0012B02D194
:105E000017F80E60B6B93E78FF2E18BF4E4511D177
:105E10007E78FF2E18BF9E420CD15FFA82FB4FF0B6
:105E2000000887F800907B7007F804C0B8F1000FF5
:105E300005D110E04FF00108B8F1000F0BD0062A91
:105E40004FF0000088BF0120013507F10407C9D3D6
:105E500001E05FFA82FB4EF6F055C007CEF2000576
:105E600005D02868C00700D000BE4FF0000BBBF182
:105E7000080F15D246F20004C4F2010454F82B00B6
:105E800047F27002C978CFF60002104001F003011A
:105E90000229484409D0032968D148F2806106E00C
:105EA0002868C00766D000BE64E048F2800140EA7E
:105EB000010701980DF10B010DF10A0201F0B2FA90
:105EC00040F21A32C2F200021188084483B21080F4
:105ED000B3F5006F05D928684FF6FF71C00700D0F1
:105EE00000BE009E04EBCB0086F0010200EB8200B6
:105EF0004FF6FF73D0F8002421F003019A4340F2DB
:105F0000CC73C2F2000303EB49131144C0F8001430
:105F100003EB06120198202190814FFA8AF082F853
:105F20000EB0B0F1FF3FC8BF4FF4005179406FF0A1
:105F30007002002848BF6FF4E04201EA02004EF20E
:105F40000811CEF200014FF48062C1F88020BFF347
:105F50004F8FBFF36F8F44F82B00BFF34F8FBFF30A
:105F60006F8F0A60012003B0BDE8F08F2868C0077A
:105F700000D000BE002003B0BDE8F08F80B540F235
:105F8000CC7001F00F0C1022C2F2000002EAD10323
:105F900000EB4C1049B21844807B46F2000CC4F26E
:105FA000010C5CF82030B1F1FF3F48F6BF7148F2B8
:105FB000800EC0F2FF7143EA0E03C4BF4BF68F712F
:105FC000C0F2FF7101EA0301C8BF4FF48052514093
:105FD0004EF20812CEF200024FF48063C2F8803015
:105FE000BFF34F8FBFF36F8F4CF82010BFF34F8F6D
:105FF000BFF36F8F136080BD10B540F2CC7C01F011
:106000000F00C2F2000C0CEB401CC9090CEB011E86
:106010000C014CF804200022CEF80420AEF8083021
:10602000AEF80A2000F0D0FB012010BDB0B540F260
:10603000CC7C01F00F00C2F2000C0CEB401CC90933
:106040000CEB011E0C0100254CF80450CEF8042086
:10605000AEF80830AEF80A5000F0B6FB0120B0BD33
:106060002DE9F04784B0054640788A460238052875
:1060700000F2D980DFE800F0032B15200D9740F2E5
:10608000FC10C2F2000000210170417001718170AA
:10609000C9E040F2F820C2F200000178013101703D
:1060A000C1E040F2FC10C2F200000178002900F0CB
:1060B0002D8101218170B6E040F2FC10C2F2000097
:1060C0000178002900F0228100218170ABE040F2CC
:1060D0009C06C2F200063078FF2828D040F29808CB
:1060E00049F2B0090027C2F20008C0F600090024F6
:1060F00008E000BF30780134411CC9B28C4207F17E
:10610000240714D2C0B2844204D2D8F80000384424
:1061100030B9EFE74FF0000008BF48460028E9D04B
:10612000026A002AE6D0287869689047E2E740F2E0
:10613000FC17C2F20007B87840F2342840F2080990
:106140000028C2F20008C2F2000900F0A980002075
:10615000B8702978D8F800408DF804100521BAF1FC
:10616000000F8DF805100390029002D1D9F80010AD
:106170008847B9F8042004F1080001A9002301F0C0
:1061800095FDBAF1000F064603D1D9F800100120A1
:106190008847002E7CD09DF804009DF805105246DB
:1061A00002F00CF87CE0297911F00F003BD040F2AE
:1061B000FC12C2F2000202EB400000EBD112D37DD0
:1061C00040F29C02C2F20002177840F29802C2F23A
:1061D0000002166849F2B002C0F600029F4218BFE2
:1061E000002203EBC30488BF06EB8402DAB1D36953
:1061F000CBB1CB09C41814F8270F00F0FE002070B3
:10620000207800F0FB002070D76928786A79AB68A5
:10621000B84700287AD1207840F00100207020781B
:1062200040F00400207040F23420C2F20000066802
:10623000BAF1000F06D140F20800C2F20000016876
:106240000020884740F20804C2F20004A28806F148
:1062500008002946002301F029FDBAF1000F064687
:1062600002D12168012088473EB1287869785246DA
:1062700004B0BDE8F04701F0A1BF4EF6F050CEF2F9
:1062800000000068C00741D000BE04B0BDE8F08740
:106290004EF6F050CEF200000068C00700D000BEFD
:1062A000B879C00732D02878D8F800408DF80400BB
:1062B00003208DF805006868BAF1000F029003D141
:1062C000D9F8001000208847B9F8042004F108002C
:1062D00001A9002301F0EAFCBAF1000F054603D141
:1062E000D9F80010012088474DB19DF804009DF8B1
:1062F0000510524601F062FF04B0BDE8F0874EF68B
:10630000F050CEF200000068C00702D104B0BDE832
:10631000F08700BE04B0BDE8F087000010B500F0C3
:106320009FFA46F24004C4F2010400202060206875
:1063300040F45D40206000F0BBFAA06940F40041E9
:106340000120A16110BD00004EF28810CEF20000C5
:106350004FF480610160BFF34F8FBFF36F8F7047C1
:10636000BFF34F8F4EF20810BFF36F8FCEF20000D5
:106370004FF48061016070472DE9F04F89B046F21B
:106380004005C4F201056C68A0050ED56FF40070DD
:106390006860A8684FF440716FF3DF20ADF8181003
:1063A000079006A80121FFF75BFE600506D4E00414
:1063B00017D420052AD4E0053DD44DE06FF4806069
:1063C000686000F075FA4FF48070ADF81800002096
:1063D0008DF81C0006A80121FFF742FE09B0BDE8B8
:1063E000F08F2868012120F004002860286820F040
:1063F000080028606FF4805068604FF4A060ADF82A
:10640000180006A8FFF72CFE2005D4D52868012126
:1064100040F008002860286840F0040028606FF40D
:10642000006068604FF48060ADF8180006A8FFF7C0
:1064300017FEE00510D540F2C470C2F200000178EA
:1064400039B1012903D12A6822F010022A600139EA
:1064500001706FF48070686001946868000410D463
:10646000019840040AD54EF6F050CEF200000068C4
:10647000C00700D000BE6FF48040686009B0BDE87E
:10648000F08F40F60F79A5F140044FF0140805F5A0
:106490007070C0F2FF79029013E000BF01F180003C
:1064A0004FF4E0618DF81C000020ADF818108DF855
:1064B0001D0006A801210892FFF7D2FD68680004BC
:1064C000CED5686800F00F0654F826B05FEA0B409E
:1064D00040F1C280CDF80C80039818B103980138C0
:1064E0000390F9E75FEA0B5030D454F8260040F2ED
:1064F000CC7700EA090040F0800044F8260054F808
:1065000026A0029B0AF00F090AF48C4003EBC60197
:10651000C2F20007B0F5884007EB491818BF012008
:1065200051F8202051F82010D8F80400C2F3094790
:1065300013FA81F100283CD000220792042206922F
:106540003A4606AB01F0B2FB3EE000BF029A0023E0
:1065500002EBC60041684068C1F3094712FA80F0B7
:1065600004A93A4601F0F2FC54F82600082F00EA8C
:10657000090040F0800044F826000CD14FF4C060C0
:10658000ADF81800DDE90410CDE9071006A80121D7
:10659000FFF766FD60E04EF6F050CEF200000068B6
:1065A000C00700D000BE002001210822FFF7D2FA68
:1065B00052E0D8F80000B8F80A2000230244084648
:1065C00011463A4601F0C2FCB8F80A00B8F80C20AF
:1065D00038449742A8F80A0022D3B8F8081083B2CA
:1065E00099421DD90AF4C063B3F5806F08D0081A28
:1065F00080B20121904238BF02463046FFF7AAFA26
:1066000040F60F79C0F2FF7909F5405000EA0A0020
:106610004BF2800148404FF0140844F826001BE07C
:1066200030460121FFF796FAB8F80A004FF4E0610E
:10663000ADF818100890002706A801218DF81C90CD
:106640008DF81D70FFF70CFD40F60F79C8F8087043
:106650004FF01408C0F2FF795FEA0B607FF52EAFB0
:1066600054F8260000EA090040F4004044F82600EF
:1066700054F8262040F2CC7002F00F01C2F2000064
:1066800000EB411002F4C063B3F5806F00F110001D
:1066900012D1C37B002B3FF411AF012323EA9212E6
:1066A00005EBC60303EB82020023C373D2F8C033A9
:1066B0006FF31943C2F8C0330389428993423FF410
:1066C000EDAE314600F01AF8F8E6000040F2CC706A
:1066D000C2F20000002240F8102F817B42608260ED
:1066E00000F00CB846F24000C4F20100026822F447
:1066F000007261F349220260704700002DE9F04703
:1067000082B0054600896A898A4646F20041C4F291
:106710000101801AA1F5806880B2AE8958F82A700C
:10672000B04238BF064607F4C0690020B9F5806F53
:1067300008BFC7F380104FEACA0343EA80004358FA
:106740004418686811FA83F14FF0000338B104224D
:10675000019300926B46324601F08AFA06E02868FF
:10676000024408461146324601F012FC6889B9F528
:10677000806F3044688120686FF39F266FF3194063
:1067800040EA064048F2B001206004BF0120E873EF
:1067900040F63F70C0F2FF70384048404EF208119A
:1067A000CEF200014FF48062C1F88020BFF34F8F1A
:1067B000BFF36F8F48F82A00BFF34F8FBFF36F8F7F
:1067C0000A6002B0BDE8F087F0B581B040F2CC724B
:1067D000C2F2000202EB4010012900EB0110847BA1
:1067E00005D1214601B0BDE8F040FFF787BF46F272
:1067F0000006C4F2010656F824100289858901F4C6
:10680000C060AA4238BF154643F60F72C0F2FF724D
:10681000B0F5806F01EA020704D1204600212A4624
:10682000FFF798F9204601212A46FFF793F94EF227
:106830000811CEF200014FF480624BF28000C1F8E3
:1068400080207840BFF34F8FBFF36F8F46F824004E
:10685000BFF34F8FBFF36F8F0A6001B0F0BD000030
:1068600082B046F24000C4F2010003210160002121
:106870000191019AC72A06D800BF019A01320192FC
:10688000019AC82AF8D3026822F00202026000913D
:106890000099C72907D800BF00BF009901310091B6
:1068A0000099C829F8D30021416002B07047000068
:1068B000F0B581B046F20004C4F201040020E064A7
:1068C00040F2F920C2F20000C11E08224FF6FF7309
:1068D000C1F80330013A01F10401F9D140F21A354F
:1068E000C2F20005402129800022002109E000BFFA
:1068F000062A02F101024FF0000188BF0121082A97
:106900001CD000EB82039F7847B15B78002BEFD15E
:1069100010F82230002BEBD110E000BF10F82270ED
:10692000FF2F18BF002FE3D15F78FF2F18BF002F74
:10693000DED1002720F8227001229A70C9074EF696
:10694000F056CEF200061CBF31685FEAC17140F01C
:1069500089800022002108E0062A02F101024FF09E
:10696000000188BF0121082A1CD000EB8203DF78D8
:1069700047B15B78002BEFD110F82230002BEBD120
:1069800010E000BF10F82270FF2F18BF002FE3D1D6
:106990005F78FF2F18BF002FDED1002720F822706C
:1069A0000120D870C8071CBF30685FEAC0705BD197
:1069B00040F2CC70C2F2000040210022818182733B
:1069C000818382770DF101016A46402000F02AFDA3
:1069D0002F88384481B22880B1F5006F05D930681E
:1069E0004FF6FF77C00700D000BE0DF103010DF197
:1069F0000202402000F016FD2988084482B2288057
:106A0000B2F5006F05D93068C00700D000BE4FF660
:106A1000FF7146F20440C4F2010002684FF6FF73B2
:106A20009A4327F003031A440260D4F8000421F0CB
:106A300003016FF30F000844C4F80004206847F214
:106A40007001CFF60001084042F2202180EA0105E2
:106A5000002001210822FFF77DF880202560E064F6
:106A600001B0F0BD00BE74E700BEA1E7CCB040F6B7
:106A7000000943F60048C4F20229C4F20008FAF7FC
:106A8000EBF9FEF727FA002640F68C402F96CDE969
:106A90002D66CDE92B66C4F202400168012241F067
:106AA0000401016001684FF4007701F004010691D0
:106AB00006990168012541F002010160016801F0B9
:106AC000020106910699016841F001010160006828
:106AD0004FF4007100F00100069006984846FAF75E
:106AE000A1F910202BACCDE92B06484621462D9666
:106AF000FAF7D0F803202E9048462146CDE92B75B1
:106B00002D96FAF7C7F840F2BC3008F59231C2F280
:106B100000000160082101710221C1714172C0F8B9
:106B20000A60C0F80D60FAF745FF10B172B600BFF9
:106B3000FEE740F2A0604FF4800107224FF080632F
:106B4000C2F200004FF04057C0E90081C0E9026284
:106B5000C0E90466C0E90637C0E90866C0E90A6210
:106B6000C0E90D66C663C0E91266C0E91466C0E9F3
:106B700016660666FDF748F908B172B6FEE740F200
:106B8000307008F57C410023C2F200000C274FF45E
:106B9000E13280E80E00C0E90333C0E90573C0E9C3
:106BA0000733C0E90933FDF71BFF10B172B600BF10
:106BB000FEE740F23070C2F200000021FDF7C6FE91
:106BC00008B172B6FEE740F23070C2F20000002158
:106BD000FDF772FE08B172B6FEE740F23070C2F205
:106BE0000000FDF74DFE10B172B600BFFEE70020B9
:106BF0000021002402F004F840F2BC30C2F2000090
:106C0000FAF7FEF90020F9F761FF00200121F9F7FA
:106C100093FF40F28801C2F200014FF4E130C1E974
:106C2000000400208C608C81F9F7FEFE08B172B67A
:106C3000FEE74FF4FA70F9F7D9FF40F21C3AC2F2BE
:106C4000000A49F27E21C0F6000150462C224FF086
:106C5000FF33FDF741FF4020ADF8AC0055208DF823
:106C6000AE0048464FF400710022FAF7DBF840F21C
:106C7000A065C2F200052BA92846032264234FF029
:106C80006409FDF717FA40F60000C4F202204FF441
:106C900000710122FAF7C6F840F600004FF0410BF0
:106CA0004FF0FF08C4F202204FF400710022ADF84B
:106CB000ACB08DF8AE808DF81A40ADF81840FAF7F8
:106CC000B1F82BA906AA28460323CDF80090FDF7BA
:106CD00043FB40F60000C4F202204FF40071012291
:106CE000FAF7A0F89DF81A602BAFF3A2384680217E
:106CF0003346F9F7B7FB3846F9F700FD82B2504644
:106D000039464FF0FF33FDF7E7FE4020ADF818009D
:106D1000AA208DF81A0040F60000C4F202204FF4B9
:106D200000710022FAF77EF806A9284603226423A0
:106D3000FDF7C0F940F60000C4F202204FF40071E4
:106D40000122FAF76FF840F60000C4F202204FF477
:106D500000710022ADF818B08DF81A808DF89A40B5
:106D6000ADF89840FAF75EF806A926AA284603234C
:106D7000CDF8009040F60009C4F20229FDF7ECFAC4
:106D800048464FF400710122FAF74CF89DF89A40FA
:106D9000D5A2384680212346F9F764FB3846F9F737
:106DA000ADFC82B2504639464FF0FF33FDF794FEFA
:106DB000552E08BFAA2C09D040F21C3049F23B21C5
:106DC000C2F20000C0F60001422208E040F21C308E
:106DD00049F20221C2F20000C0F6000138224FF051
:106DE000FF33FDF779FE4020ADF818000024484637
:106DF0004FF4007100228DF81A40FAF713F840F2B0
:106E0000A067C2F2000706A9384603226423FDF7F3
:106E100051F948464FF4007101220126FAF702F8B1
:106E20004FF4A070ADF81800FF2548464FF40071EC
:106E300000228DF81A50F9F7F5FF06A9384603220B
:106E40006423FDF737F948464FF400710122F9F742
:106E5000E9FF4FF45460ADF8180048464FF4007154
:106E600000228DF81A50F9F7DDFF06A938460322F3
:106E70006423FDF71FF948464FF400710122F9F72A
:106E8000D1FF40F21C35C2F2000549F2CE11C0F626
:106E90000001284633224FF0FF33FDF71DFE49F273
:106EA0008311C0F6000128462A224FF0FF33FDF778
:106EB00013FE4FF00130002500272A94CDE9280069
:106EC000CDE9260025E000BFF9F7B2FF9DF8A91033
:106ED0009DF8AA209DF8A8309DF8ABC0CDE900121E
:106EE00006AC49F2AB22054620468021C0F60002DE
:106EF000CDF808C0F9F7B6FA2046F9F7FFFB82B2E1
:106F000040F21C30C2F2000021464FF0FF33FDF783
:106F1000E3FD049508E000BFDDE90457F9F788FFB9
:106F2000401BB0F5FA7FCFD84FF0FF30002101F0C1
:106F3000D1FAF9F77DFFC01B0B28EFD34FF03C08C7
:106F4000F9F776FF0DF1980A002405900BE000BFD9
:106F5000013440F600090AF1040A042C08F104087F
:106F6000C4F20229D8D006FA04F0C0434FF492517B
:106F7000ADF818108DF81A0048464FF40071002241
:106F8000F9F750FF40F2A067C2F2000706AD38469D
:106F9000294603226423FDF78DF848464FF400711B
:106FA0000122F9F73FFF41F24130ADF81800FF2010
:106FB0008DF81A0000208DF82E01ADF82C014846FE
:106FC0004FF400710022F9F72DFF384629464BAAED
:106FD000032364270097FDF7BFF948464FF400717B
:106FE0000122F9F71FFF9DF82E512AA80027055509
:106FF0000BE000BF00214BAA032301F0E1F80126BA
:107000000AF807900137042FA2D006FA07F02840AB
:107010001AF80710814618BF4FF001094945F1D011
:1070200006AE002808EB070B30464FF0400122D097
:1070300049F2AE12C0F600025B46CDE90047F9F70F
:1070400011FA3046F9F75AFB82B240F21C30C2F214
:10705000000031464FF0FF33FDF73EFD01F084F9AB
:107060000028CCD080208DF82C0100208DF82DB187
:107070008DF82E01BEE728A25B46CDE90047F9F75F
:10708000F1F93046F9F73AFB82B240F21C30C2F215
:10709000000031464FF0FF33FDF71EFD01F064F9AB
:1070A0000028ACD090208DF82C017F208DF82DB1D8
:1070B0008DF82E0100209DE7544553542031202D9A
:1070C000204765736368726576656E3A203078355F
:1070D000352C2047656C657A656E3A20307825300E
:1070E00032580D0A00000000544553542032202D20
:1070F000204765736368726576656E3A2030784123
:10710000412C2047656C657A656E3A2030782530D1
:1071100032580D0A000000004E6F6F742041414E3E
:107120003A202025642028436F6C3A256420526F52
:10713000773A2564290D0A00002070470120704726
:1071400070B584B040F23814C2F200042046C02169
:10715000F9F75AFB04F14000402500268DE8610054
:1071600004F12800002100220023039500F02AFBEF
:1071700004F1800104F110008DE862000021012279
:107180000023039500F01EFB04B070BD2DE9F04F05
:1071900083B04B798D18012B0E4616D18B790E4694
:1071A000012B12D1CB790E467BB90B78934201EBC0
:1071B00003060AD232783244AA4206D87278242AC8
:1071C00003D132781644AE42F4D37278042A07D140
:1071D0007279012A04D1B279032A01D1F27922B15C
:1071E000002080B203B0BDE8F08F40F2381CC2F23C
:1071F000000C9CF82A209CF81230002A18BF0122AB
:10720000002B18BF012302EA03070024012200BF5C
:10721000D20708D0002F08BF23460022002F4FF0CE
:107220000104F5D100E0FF231A0608D04EF6F05015
:10723000CEF200000068C007D2D000BED0E7DAB2BC
:10724000520052FA83F233790CEB821A92010CF855
:107250000200B278002B8AF80120327806EB020493
:1072600067D0AC4265D20AF11C0200920AF12802F2
:1072700002920AF134024FF0000801921DE0A18849
:107280008AF8120000986FF3DF218AF810B0AAF88C
:10729000141000F0E9FB207808F1010804440122F1
:1072A00049465846002A9BD0227833795FFA88F7FE
:1072B0009F42144438BFAC423BD222782244AA42B7
:1072C00037D86278052AEFD189462146834601F0F6
:1072D000D3FDF8B194F90200B0F1FF3FCFDDA188F2
:1072E0008AF82A0001986FF3DF218AF828B0AAF8FB
:1072F0002C1000F0B9FB029800F086FA0028CAD1E1
:107300004EF6F050CEF2000000684946C0070DD19D
:107310000022C6E74EF6F050CEF200000068C0072B
:1073200001D10022BCE700BE0022B9E700BE002266
:10733000B7E7601A55E70000B0B540F23814C2F262
:107340000004002504F13400C4E90055C4E90255E5
:1073500000F08AFB04F11C0084F82A5000F084FB42
:10736000A574B0BD70B540F2381CC2F2000C9CF898
:107370002A009CF81260401A18BF0120761A18BF24
:10738000012600EA06050024012000BFC00715D031
:10739000002D08BF26460020002D4FF00104F5D136
:1073A00030060ED04EF6F050CEF200000068C00756
:1073B00004BF002070BD002000BE70BDFF26300657
:1073C000F0D1F5B2680050FA86F00CEB801090F81E
:1073D0002A6000F110048E4211D100F1280652B942
:1073E000216A29B19AB204F12400002300F05EFC66
:1073F000284600F0B5FF304600F006FA0FE04FF0E7
:1074000000006AB9A2788A4218BF70BD20461D46A6
:1074100000F08EFA18B92046294600F0E5FA01205E
:1074200070BD000080B54FF0000C01234FF0010E3D
:107430003E2888BF4FF0010C84BF4FF01F0E05237C
:10744000704481F800C020FA03F1C8B2984011706E
:1074500080BD0000B0B54A880C464FF0FF3101EB0B
:1074600012210E291AD80546DFE801F0082013186A
:10747000182F36181818181818181A0000F040FE9F
:10748000B8B30246284621461223BDE8B04000F0BA
:10749000BFBDA188D0B200F03DFED0B90020B0BD84
:1074A00000F026FE0028F9D002461BE0D0B200F022
:1074B00021FE0246B0B94EF6F050CEF20000006850
:1074C000C007EBD000BE0020B0BD00F01FFE0028BA
:1074D000E4D00378024606E0D0B200F019FE02467E
:1074E0000028DBD0538828462146BDE8B04000F094
:1074F0008FBD4EF6F050CEF200000068C007CDD030
:10750000002000BEB0BD00002DE9F04F85B0049012
:10751000481EC0B200F0EEFD002800F0CA8041789D
:10752000022940F0C68040F2FC13C179C2F2000388
:10753000DA78C1F3801102F0FE021144D97041885B
:1075400000F10905014403918D4208D314E00020A5
:1075500003990028454640F0C0808D420CD228781F
:107560004FF000092844884298BF4FF00109B9F153
:10757000000F07D1B1E000BF4FF00009B9F1000FD3
:1075800000F0AB806878042808D00B2840F09D807C
:10759000287805448D42EFD2E1E700BF40F29C001D
:1075A000C2F200000078FF2869D0491B8EB2002487
:1075B0004FF0000AA8464FF0000B00BFC0B2824552
:1075C00014D240F29800C2F2000000682044B8B122
:1075D00003690498294632469847074609284FF020
:1075E000000028BFBE4215D2A0B343E04FF0000018
:1075F00049F2B001C0F6000108BF08460028E7D1F3
:107600004EF6F050CEF200000068C00720D000BE59
:107610001EE000BF40F2FC12C2F200025FFA8AF0E4
:1076200002F1170107321023CDE9008700F05AF864
:1076300018B1B844102068B11CE04EF6F050CEF2FC
:1076400000000068C00702D1012018B112E000BE9E
:10765000012078B940F29C00C2F2000000780AF1E3
:10766000010A411CC9B20BF1010B8A4504F1240443
:10767000A4D307E010287FF46BAFD34602E04FF0AD
:10768000000BA84640F29C00C2F2000000785FFAAE
:107690008BF10130C0B28142FFF459AF4EF6F05089
:1076A000CEF2000000680399C00700D000BE0120A0
:1076B0004FE74EF6F050CEF200000068C00700D051
:1076C00000BE002005B0BDE8F08F4EF6F050CEF2BF
:1076D00000000068C00700D000BE89F0010005B0BE
:1076E000BDE8F08FF0B5DDE905C64EF6F054CEF2F8
:1076F00000040CEB060E00BFF44509D29CF80050C4
:10770000654475454FF0000598BF012515B929E07E
:1077100000253DB39CF80160042E0BD0052E0CD142
:107720009CF8026006F00F0701EB470707EBD6163F
:10773000307002E09CF8036036B19CF80060B444FD
:107740000126002ED8D10DE09CF802609E4201D2A5
:107750001644EDE72668F60701D10026F1E700BEE2
:107760000026EEE785F00100F0BD00000178C907B2
:107770000DD1017849070AD40178C90709D10178E8
:10778000012201F0040182EA910121B907E0002001
:107790007047002119B1027842F0040202700846D5
:1077A000704700000178490751BF0021017801228C
:1077B00022EA010119B1027802F0FB0202700846C8
:1077C00070470000F0B581B08C46DDE90612002953
:1077D0008E46144618BF4FF0010E002A18BF012430
:1077E00004EA0E04012C0BD180F801C000F10C0C4E
:1077F000DDE908650746604600F03AF9BE60FD80A5
:10780000204601B0F0BD0000818AC28AB0F9103074
:10781000891A48BF01EB43018288D3FA51F189B23A
:10782000914203D3817809B142780AB100207047B0
:1078300010B582B00446007801F0F0FA002846D076
:10784000A08AE18AB4F91020401A48BF00EB420038
:10785000A188D2FA50F0234682B28A4206D25878E2
:10786000A8BB1878997801F01BFB30E0494208402A
:1078700080B2B3F806C05978604538BF8446F1B984
:107880009A681878997862B14FF0000E6346BCF19F
:10789000000F08BF62466446CDF800E001F02EFB01
:1078A00009E003F10C024FF0000E63466446CDF888
:1078B00000E001F065FB10B1204602B010BD4EF6AD
:1078C000F050CEF200000068C00700D000BE0020DB
:1078D00002B010BD002A04BF00207047B0B592B2BC
:1078E00004460C30002300F0E1F9218AA28AE38AE1
:1078F000D21A48BF02EB410293B2A2888B4228BF42
:107900000B46934202D2914228BFB0BD05462046A5
:1079100000F00EF82846B0BD818AC28AB0F9100086
:10792000891A48BF01EB4001D0FA51F080B270478C
:10793000018A828AC38AD21A48BF02EB410292B2FC
:107940008A4238BF114619B1817809B142780AB12B
:1079500000207047B0B582B00546007801F05EFAAD
:1079600000283DD0A9682B4605F10C0431B1DA8816
:107970002046002300F07CF92B460AE0188A998AF9
:10798000DA8A891A48BF01EB400189B2814238BFC7
:107990000846597858B1D9B99A680546187899783F
:1079A0005AB100242B46009401F0A8FA0DE0B9B9B1
:1079B0001878997801F074FA12E04FF0000C224622
:1079C0002B46CDF800C001F0DBFA0028284608D18C
:1079D0004EF6F050CEF200000068C00700D000BEA6
:1079E000002002B0B0BD000010B582B0838AC48A06
:1079F00002464FF0000031B1A34204D19088013813
:107A0000084202D0002002B010BD91780029F9D0C0
:107A100050780028F6D11078144601F0FFF90028BC
:107A2000F0D06078B0B9A3682078A178224633B14D
:107A3000002400220023009401F060FA05E00C32DB
:107A400000240023009401F09BFA00281EBF0120AF
:107A500002B010BD4EF6F050CEF200000068C00734
:107A6000D0D000BECEE700000021418101817047E7
:107A7000B2F5004F05D801600021828083714181F9
:107A800001810020B2F5004F98BF0120704700002F
:107A90002DE9F04F83B00C9C87881E1B48BF06EB76
:107AA0004706914632042CD0B2B2974206D23A46EB
:107AB0009F4298BF5242D4183E4644810D9A00BF5F
:107AC000A3B22546BB42A4EB0704F9D2B6B2A7EB9A
:107AD000050A4E4538BFB146B2B11FFA8AF6D0F852
:107AE00000B0B1450BEB030621D91478604200EADF
:107AF0000A001FFA80FCA4453BD233460D4662467D
:107B000042E04FF00009AFE01FFA8AF207689145A2
:107B10003B4428D9054608460E461946A9EB0A04F7
:107B2000F8F70BFE16FA8AF02968A2B21EE0137865
:107B30004846994502D24A4608E000BF3768C01A55
:107B400082B241F8047B9A421E44F7D2000400F04E
:107B50008B800020029002A80C463146F8F7EDFD1C
:107B60000298206080E0084619464A46F8F7E5FD8D
:107B70007AE00D46334600BF1F68001B82B245F80D
:107B8000047BA2422344F7D20004A4F101080BD0E5
:107B90000020029002A8009119466746F8F7CDFD33
:107BA00000990298BC46286008EA0A07A9EB0A0572
:107BB0005FFA87FABAF1000F0CEB010836D006EB3A
:107BC0000C0101A85246F8F7B8FDA4EB0A0080B2F8
:107BD000A9B2814238BF0846C6B22EB101A85044AE
:107BE00059463246F8F7A9FD56FA87F201A9A24292
:107BF00003D20023474673B114E047460B68121BBB
:107C000090B247F8043BA0422144F7D2B0FA80F288
:107C10005309024633B90020029002A8F8F78DFDFF
:107C20000298386008F10408AD1BB34428041BD047
:107C3000AAB2A24202D2002068B115E0DBF800002F
:107C40002D1BAAB248F8040BA242A344F6D2B2FA02
:107C500082F0400940B90020029002A85946F8F786
:107C60006CFD0298C8F80000484603B0BDE8F08FEC
:107C700010B582B09C460389B0F80AE00446CDE90D
:107C800000ECFFF705FFA188B4F80AC00CEB000375
:107C90009AB2A3EB410EB2EB410F28BF7346624587
:107CA00038BF7346638102B010BD00002DE9F04F6C
:107CB00089B032B30446B0F808904089A77992465B
:107CC000A2880FB352452ED9B9EB000748BF07EB86
:107CD00042071AFA87F7B7EB420F20D3A2EB0A0646
:107CE00006EB00091FFA89F65700A9EB4202B742DA
:107CF00098BF9146864238BF9146BAF1000F1DD118
:107D000020E14FF0000A1DE1B9EB000048BF00EB95
:107D10004200D2FA50F080B2824528BF8246BAF1C2
:107D2000000F0BD10EE1AAEB0207002B08BF39446C
:107D300081469246BAF1000F00F00481A2880AEB56
:107D40000900851A4E460690B0B23746AB46B61AC1
:107D50009042A5EB0205F7D2A2EB07081FFA88F2C2
:107D60009BB12768924507EB00061CD9CDE9049426
:107D700093F80090C9F1000008EA0007BDB24D4534
:107D80001BD230460C462A4624E02368924518440C
:107D900011D9AAEB08050E46F8F7CFFC206816FAB1
:107DA00088F1AAB2BDE01878824546D2002052463A
:107DB000002850D0B7E05246B3E0AC460C463046FF
:107DC00054F8045BA7EB0907BAB205604A4548447A
:107DD000F6D265463F04A9F101070CD0029525684B
:107DE0000DF1200C0C46614608951D46F8F7A5FCE0
:107DF0002B46029D2146404638405FFA80FEAAEBA2
:107E00000808BEF1000F05EB010729D0A9EB0E0110
:107E10008AB21FFA88F10192914228BF11465FFA97
:107E200081FC5CFA80F21C787019A242CDE9020351
:107E300007A81AD20023394624E0534651F8047BA0
:107E40001B1A9AB2376082420644F7D2B2FA82F025
:107E50004009002867D1086808A90890304660E00A
:107E6000059CDDF81090206840E0394651F8045B2D
:107E7000121B96B20560A6422044F7D2B6FA86F2EB
:107E800053093246DDE90494654633B909687646FC
:107E9000089108A9F8F751FCB6467246BEF1010FE9
:107EA00098BF0122029807A97646F8F746FCAC462F
:107EB00007F10407ADB11FFA8BF001994FF0FF32C3
:107EC000884238BF0146C8B207A94042314400BFCA
:107ED00026688B18164401325B788518013573705B
:107EE000F6D12068039BA8EB0C0860445FEA0841C8
:107EF00019D019781FFA88F28A4201D200210CE0C9
:107F000057F8043BA8EB01081FFA88F203608A4285
:107F10000844F5D2B2FA82F1490921B939680891C9
:107F200008A9F8F70AFC069BA08899B2A3EB4002C7
:107F3000B1EB400F28BF13461FFA89F0814238BFCA
:107F400013462381504609B0BDE8F08F002B14BFC3
:107F500093F800C04FF0040C80B582B0624501D2A6
:107F6000134609E050F804EBA2EB0C0293B2C1F8FF
:107F700000E063456144F5D2120407D0006801AA0D
:107F80000190084611461A46F8F7D7FB02B080BDAB
:107F900010B582B0002B14BF93F800C04FF0040C52
:107FA0000446624502D2134609E000BF0868A2EB0E
:107FB0000C0293B244F8040B63456144F6D21004FA
:107FC00007D00020019001A81A46F8F7B6FB0198E7
:107FD000206002B010BD000080B582B0D1F800C0B2
:107FE0004B6840F2E002C2F200024FF0000EC2E91C
:107FF00000C3C2E902EE0978802222EA01010022D0
:108000000023CDF800E000F079FF02B080BD000051
:1080100070B582B00E684D6840F2E00CC2F2000C00
:10802000CCE90065CD884FF0000EAB422C46CCF871
:108030000820ACF80EE038BF1C46ACF80C4055B137
:10804000EAB9E3B14EF6F050CEF200000068C00786
:108050004AD000BE48E00978802222EA01010022CD
:108060000023CDF800E000F049FF90BB4EF6F05041
:10807000CEF200000068C00736D000BE34E0402CCD
:1080800028BF40249CF9001021F07F0C93B1B1F17E
:10809000FF3F0FDC02B340F2A001C2F2000105462F
:1080A0000846114622461E46F8F747FB3346284647
:1080B0004FF0800C40F2A002C2F20002002B08BF79
:1080C0001A4600265FFA8CF12346009600F016FF50
:1080D00010B1012002B070BD4EF6F050CEF200009B
:1080E0000068C00700D000BE002002B070BD0000D4
:1080F0000020704749F2F600C0F60000704700000B
:1081000049F2E400C0F6000070470000002070470C
:108110000020704710B5B8B103281FD149F2631091
:10812000C0F6000040F2F40201386FF00101C2F223
:10813000000200BF10F8013F02318C181029638043
:10814000F8D14FF445712AE040F2F400C2F2000089
:1081500040F2094141804FF4417120E084BF00208A
:1081600010BD12A151F820402046F8F7C7FA202888
:10817000014628BF202170B140F2F400C2F2000095
:108180000238621E0B4600BF12F8014F013B84808B
:1081900000F10200F8D140F2023000EB410140F260
:1081A000F400C2F20000018010BD00BF7D90000805
:1081B0005B9100086D91000800000000704700000E
:1081C0002DE9F04F83B000EB40001C4640F238131D
:1081D000C2F2000303EB8017B87C002800F0B480E3
:1081E0004FEA011B0BF10F00154607F1020907F1D9
:1081F000100601900BF105004FF00008029003E01B
:108200000120002800F0A880444500F0A1803046FD
:10821000FFF782FB0428C0F09A80B97915F90800AD
:1082200008F10108A1B1042920D209F80100BB78A6
:10823000BA7903F00F03511C042BB97108BF10F178
:10824000090035D1101D40EA0B00B870F9712FE01C
:10825000B978022201F00F010429BA71F8700ED129
:10826000093023D10298B870022020E04EF6F05079
:10827000CEF200000068C00712D100203CE0C1B27D
:1082800010F1400F4FEA11110DDB0E290BD020F039
:108290001F02403232D141EA0B00B870032006E0E1
:1082A000002000BE28E041EA0B00B8700420F871FD
:1082B000B879F9798842A3D1032905D809EB0100DF
:1082C000C1F10401F8F77EFA304649460422FFF76F
:1082D00001FB0438B0FA80F04FF000014FEA501073
:1082E000F9803FF48EAF4EF6F051CEF200010968EE
:1082F000C90701D000BE00BFC24682E70F2905D1E1
:1083000010F1100107D10420B87015E00198B87081
:108310000020B880A8E720F002010F3103D102202D
:10832000B870032008E00E3003D10320B870042099
:1083300002E00520B8700220F87199F8000040EAC8
:108340000B0089F80000B3E74FF0000A04E0444650
:108350003046FFF7EDFAA246504603B0BDE8F08F75
:10836000704700007047000040F2FC10C2F20000AD
:108370000079002818BF01207047000070470000F6
:108380002DE9F04740F21C09C2F2000999F80020DB
:10839000FF2A02D00120BDE8F0870D46002957D002
:1083A000044640F2FC10C2F200003721F8F72CFA24
:1083B00040F2F82040F20806C2F200000021C2F2AA
:1083C0000006017006F10800FFF74EFB40F2342072
:1083D000C2F20000066040F29C06C2F2000630467F
:1083E00000F052FC317840F29808C2F20008FF29F0
:1083F000C8F8000037D03178B1F1FF0018BF012074
:10840000FF2948D049F2B00A0027C0F6000A00BF91
:10841000FAB2C9B2914207D9D200D8F8001052FA84
:1084200087F201EB820103E04FF0000108BF5146E3
:1084300021B3496811B38847317801374A1CF8B233
:10844000D2B290424FF0000038BF0120E0D322E0CA
:108450004EF6F050CEF200000068C0072FD000208A
:1084600000BEBDE8F0874EF6F050CEF20000006886
:10847000C00724D0002000BEBDE8F0874EF6F051C2
:10848000CEF200010968C90700D000BEC0071CBFBA
:108490000020BDE8F0872046294689F80040FDF716
:1084A0003DFF28B12046FDF75BFF0120BDE8F087C6
:1084B0004EF6F050CEF200000068C00702D1002056
:1084C000BDE8F087002000BEBDE8F08770470000DF
:1084D0007047000040F21C00C2F200000078FF2844
:1084E00008BF70472DE9F04F85B001AD40F234264A
:1084F00040F2080840F2FC1B281DC2F20006C2F23E
:108500000008C2F2000B4FF00009009026E0584628
:108510003721F8F779F94FF0FF30CBF82300CBF88B
:108520001F00CBF81B00CBF81700CBF81300CBF8DB
:108530000F00CBF80B00CBF8070000F0ABFB9DF869
:1085400008008BF8050040F2342601ADC2F20006A7
:1085500009F10109B9F1100F00F04983D8F80010B2
:10856000346800208847B8F8042004F10800294640
:108570000023FFF77DFBD8F800100746012088474D
:10858000002F00F034839DF805000138072800F221
:108590002E81DFE810F008006F0053005C004B00F4
:1085A000B000F300680040F29C00C2F200000078C6
:1085B000B0F1FF0A18BF4FF0010AFF28A7D09DF8BD
:1085C00004700025002600BFC0B240F29801C2F23C
:1085D000000186424FF0000449F2B0000968C0F67D
:1085E000000008BF044638BF4C191CB1E16838468A
:1085F000884707E04EF6F050CEF200000068C00752
:1086000000D000BE002C00F0048140F29C00C2F2B9
:10861000000000780136411CC9B224358E424FF06B
:10862000000A38BF4FF0010ACED370E79BF8000074
:1086300000283FF48DAFFFF7A1FE89E79BF8060005
:10864000C0073FF485AF0298FFF740FF80E79BF833
:10865000000000283FF47CAF9BF80300C0F340000B
:10866000FFF736FF74E7029900293FF471AF0398D2
:1086700088476DE740F29C00C2F200000078B0F13C
:10868000FF0518BF0125FF2800F0CA809DF804A04F
:1086900000260024C0B240F29801C2F200018442D8
:1086A0004FF0000749F2B0000968C0F6000008BFAB
:1086B000074638BF8F191FB1F9685046884707E051
:1086C0004EF6F050CEF200000068C00700D000BEA9
:1086D000002F00F0A38040F29C00C2F2000000785E
:1086E0000134411CC9B224368C424FF0000538BF1A
:1086F0000125CFD394E040F2F821C2F200010878BE
:10870000002800F06C82087801380870087800288A
:108710007FF41EAF01208BF800009BF8270000F0CB
:10872000FE008BF827009BF8270000F0FB008BF879
:1087300027009BF8280000F0FE008BF828009BF82B
:10874000280000F0FB008BF828009DF80470002042
:1087500000F0ACFA9DF80820C2F34110022800F0A6
:108760008680032840F092804EF6F050CEF2000052
:108770000068C00700F03F8100BE3CE19DF8081092
:1087800011F00F000BEB400000EBD11292F82730F4
:1087900003F0FE0382F8273092F8273003F0FB0342
:1087A00082F827302DD0CA09104440F29C02C2F250
:1087B0000002C07D127840F29803C2F2000300EB81
:1087C000C00782424FF0000449F2B0001B68C0F6B7
:1087D000000008BF044688BF03EB8704DCB3A76929
:1087E0009DF804009DF80920039BB8473BE04EF636
:1087F000F050CEF200000068C0073FF4A9AE00BE02
:10880000A6E69DF804009DF80920039B00F060FA9D
:108810009EE65FEACA703FF47AAE8EE6E80715D1AD
:1088200058463721F7F7F0FF4FF0FF30CBF8230021
:10883000CBF81F00CBF81B00CBF81700CBF81300C8
:10884000CBF80F00CBF80B00CBF8070000F022FAB2
:1088500000F0D2F977E64EF6F050CEF20000006854
:10886000C00700D000BE002C7FF472AEBFE148F616
:10887000FD30C0F6000000F019FA009A38460121D8
:1088800000F0BCF9C0077FF463AEB4E002F01F0152
:10889000022974D0012933D0002940F0A480012896
:1088A00040F0BD80BDF80C0010F0F00F40F0A38048
:1088B00000F00F0040F29C015844C2F20001C07960
:1088C000097840F29802C2F2000200EBC003814234
:1088D0004FF0000449F2B0001268C0F6000008BF73
:1088E000044688BF02EB8304002C00F0848060699A
:1088F00000F0DCF96369009A384601219847C1E726
:10890000BDF80C0010F0F00F75D100F00F0040F230
:108910009C015844C2F20001C079097840F29802E3
:10892000C2F2000200EBC00381424FF0000449F2A2
:10893000B0001268C0F6000008BF044688BF02EB12
:108940008304002C57D0606900F0B0F96369009A85
:1089500038460121984700287FF4FAAD9DF80800B9
:1089600010F0600F47D1002000F0A0F99DF8090039
:108970000B2800F022810A283DD100208AE0BDF8B2
:108980000C1001F00F00082840D20BEB4003C9B2D5
:1089900003EBD11340F29C04C2F20004DB7D94F897
:1089A00000A040F29804C2F20004D4F800C003EB27
:1089B000C30E9A454FF0000449F2B003C0F600031D
:1089C00008BF1C4688BF0CEB8E0412F0600F44D029
:1089D0001CB3606900F06AF96369009A38460121A6
:1089E0000124984735E04EF6F050CEF200000068C2
:1089F000C00700D000BE9DF804000021FDF7BEFABC
:108A00009DF804008021FDF7B9FAA1E54EF6F0507B
:108A1000CEF200000068C00718D1002018E09DF8D1
:108A2000090009282BD8DFE800F005532A812A8D98
:108A3000992A335F9BF803000099ADF8120038467D
:108A40000DF112020223FFF7E3FA81E5002000BED8
:108A50000124002C3FF47CAD14E79DF80920032A83
:108A600018BF012A20D1BDF80A00002840F08B80F1
:108A70000020012A40F0858000F0DEF983E04EF608
:108A8000F050CEF200000068C007B4D000BEB2E7DC
:108A90009BF8040000998DF8120038460DF112027F
:108AA0000123FFF7B5FA53E5002A5FD10BEB400035
:108AB000C909084490F827000099C0F340000DF15F
:108AC0001202ADF8120038460223FFF7A1FA70E057
:108AD000BDF80A0001287FF48EAF9BF8030000F078
:108AE000FD008BF8030068E09DF80A409BF8040045
:108AF000A04262D068B138460021FDF7F3FD384648
:108B0000FDF71AF99BF805A03846FDF74DF88BF8EC
:108B100005A0002C8BF804404DD038462146FEF7C6
:108B2000F3FC00284ED0FFF71DFC46E0BDF80A001C
:108B300001287FF460AF9BF8030040F002008BF83F
:108B400003003AE0009800F0B7F89DF80A103846A4
:108B5000FDF7BCFD01208BF80100F9E400993846CF
:108B6000FEF778FC00287FF4F3AC44E74EF6F050B3
:108B7000CEF200000068C0073FF44FAF002000BEF7
:108B800066E700F09BF9A4B1606900F08FF86369B3
:108B9000009A3846012198470020002400F086F80A
:108BA0009BF82800C0077FF454AF00993846FFF7C0
:108BB00013FA00244DE700F01FF800993846FFF73C
:108BC0000BFAC5E400208BF804004EF6F050CEF20C
:108BD00000000068C0073FF40EAF00BE0BE74EF682
:108BE000F050CEF200000068C00700D000BE05B013
:108BF000BDE8F04F7047000070470000002070474C
:108C000010B582B0E1B101280FD80A786AB140F2FC
:108C1000F813C2F200031A540A78012A02D1FFF7AE
:108C2000AFFB38B3012002B010BD4EF6F050CEF2CB
:108C300000000068C00700D000BE002002B010BDD8
:108C400001240DF106010020ADF80640FFF798FB66
:108C500030B140F2F811C2F200010C7002B010BD48
:108C60004EF6F051CEF200010968C907E6D000BE09
:108C700002B010BD4EF6F050CEF200000068C00702
:108C8000DBD000BED9E700000146002200200A70B8
:108C90007047000040F2E000C2F200000021C0E98D
:108CA0000011C0E9021101617047000040F2E001CB
:108CB000C2F20001086170470168406840F2E002BA
:108CC000C2F200020023C2E90010C2E90233704779
:108CD0002DE9F04182B040F2E004C2F2000494F9C0
:108CE0000020514049B2B1F1FF3F50DD002A0ED4BF
:108CF000A268002A74D040F2A001C2F20001054629
:108D000010461A461E46F7F718FD33462846E189F5
:108D1000A268CD18D118402BE581A16041D3E3882A
:108D2000AEB2B3423DD0A7897B1B9BB2402B28BF7C
:108D3000402394F900500024B5F1FF3F4FF00005A7
:108D40000FDCB7420CD0CAB140F2A002C2F200025E
:108D5000804610461A461D46F7F7EFFC2B46404664
:108D6000802540F2A001C2F20001BA1B18BF0A46DA
:108D70002946009400F0C2F800284BD14EF6F0507E
:108D8000CEF200000068C0072AD000BE28E05BB326
:108D90004EF6F050CEF200000068C00720D000BEB2
:108DA0001EE023694BB140F2E002C2F20002022150
:108DB000054698470146284621B32178802200279E
:108DC00022EA010100220023009700F097F808BB77
:108DD0004EF6F050CEF200000068C00700D000BE92
:108DE000002002B0BDE8F08121460546FCF744FFB3
:108DF00023697BB140F2E0022846C2F2000203215F
:108E0000984707E000210446FDF7B8F82046802186
:108E1000FDF7B4F8012002B0BDE8F08140F2FC1289
:108E200001F00F00C2F2000202EB400000EBD11093
:108E300000212730FEF79ABC10B540F21C00C2F2A8
:108E4000000000780C46FCF72BFF40F2FC1104F008
:108E50000F00C2F2000101EB400000EBD41090F8CB
:108E6000271001F0FD0180F8271090F8271001F07D
:108E7000FE0180F8271010BD8878000706D440F264
:108E80001C00C2F200000078FCF78ABF4EF6F050DA
:108E9000CEF200000068C00700D000BE002070477E
:108EA00040F2FC1201F00F00C2F2000202EB40009F
:108EB00000EBD11000212730FEF774BC10B540F252
:108EC0001C00C2F2000000780C46FDF757F840F293
:108ED000FC1104F00F00C2F2000101EB400000EBB6
:108EE000D41090F8271041F0020180F8271090F874
:108EF000271041F0010180F8271010BDB0B582B0F5
:108F000040F2FC1401F00F00C2F2000404EB400038
:108F100040F21C0C00EBD115C2F2000C9CF80000D2
:108F200015F827CF5FEACC741FD12C78DDF818C074
:108F300044F001042C70CDF800C0FDF75DF8002866
:108F40001EBF012002B0B0BD287800F0FE002870DE
:108F5000287800F0FB0028704EF6F050CEF20000AA
:108F60000068C00709D000BE07E04EF6F050CEF210
:108F700000000068C00700D000BE002002B0B0BDF5
:108F8000B0B582B040F2FC1401F00F00C2F2000450
:108F900004EB400040F21C0C00EBD115C2F2000CB7
:108FA0009CF8000015F827CF5FEACC741FD12C780D
:108FB000DDF818C044F001042C70CDF800C0FDF7B6
:108FC00035F800281EBF012002B0B0BD287800F09F
:108FD000FE002870287800F0FB0028704EF6F05054
:108FE000CEF200000068C00709D000BE07E04EF6D0
:108FF000F050CEF200000068C00700D000BE002094
:1090000002B0B0BD014640F21C00C2F20000007880
:10901000002908BFFDF798B9FDF7A2B930380A2832
:1090200001D20120704700207047F1EE100A4FF680
:10903000FF71C0F2C03120EA010040F04070E1EE63
:10904000100A7047303132333435363738394142BF
:10905000434445464030580030313233343536379A
:109060003839616263646566403078000400000846
:1090700000000000000000020001000010090400D0
:1090800000000000000000010203040607080900B8
:1090900000000001020304000100020004000600B9
:1090A00008000A000C0010002000400080000001B1
:1090B00000000000417100083D710008397300088C
:1090C0008D71000839710008657300080000000008
:1090D0000000000001010103070100000804020470
:1090E000080101011201000201000040FECA08400F
:1090F000000101020301090265000201008032093A
:109100000400000001010000092401000109000120
:1091100001090401000201030000072401000141CC
:1091200000062402010100062402020200092403B1
:1091300001030102010009240302040101010009E5
:10914000050102400000000005250101010905811B
:10915000024000000000052501010353544D333245
:109160004835003132333435363738390053544DB1
:109170003332204D49444920436F6E74726F6C6CDA
:109180006572003D3D3D3D3D3D3D3D3D3D3D3D3DEF
:109190003D3D3D3D3D3D3D3D3D3D3D3D3D3D3D3DFF
:1091A0003D3D3D3D3D3D3D3D3D0D0A0D0A004E6FAF
:1091B0006F74205549543A202025642028436F6C51
:1091C0003A256420526F773A2564290D0A004D43F1
:1091D00050323353313720696E7374656C6C696E2D
:1091E00067656E20766F6F72204B6E6F7070656E64
:1091F0006D61747269782067656C6164656E2E0DAF
:109200000A003E3E3E2053504920434F4D4D554E9F
:1092100049434154494520535543434553564F4CC8
:1092200021204445204D4350323353313720574598
:10923000524B5421203C3C3C0D0A003E3E3E204611
:109240004F55543A2053504920636F6D6D756E69C8
:1092500063617469652067656661616C642E204393
:109260006F6E74726F6C65657220646520626564F0
:10927000726164696E6721203C3C3C0D0A000D0A56
:109280000D0A3D3D3D205354415254494E47205311
:10929000544D33322026204D435032335331372042
:1092A000494E4954203D3D3D0D0A00524157204949
:1092B0004E50555453202D3E20436F6C303A203091
:1092C0007825303258207C20436F6C313A2030783A
:1092D00025303258207C20436F6C323A203078257C
:1092E000303258207C20436F6C333A203078253060
:1092F00032580D0A000000001893000800000020FA
:1093000028000000B8020008409300082800002050
:10931000A80E0000D8020008004400400090D003CE
:10932000059000080C00000038020020C00000007A
:1093300000000000FF01000010000000000000001D
:040000050800025598
:00000001FF
