:020000040800F2
:10000000800F002035030008A15300080D4F0008A1
:100010009D530008CD0B00087565000847030008D4
:1000200000000000000000000000000091570008E0
:10003000D10B000800000000A55300080559000876
:100040005103000851030008510300085103000840
:100050005103000851030008510300085103000830
:100060005103000851030008510300085103000820
:100070005103000851030008510300085103000810
:100080005103000851030008510300085103000800
:1000900051030008510300085103000851030008F0
:1000A000D50B000851030008510300085103000854
:1000B00051030008510300085103000851030008D0
:1000C00051030008510300085103000851030008C0
:1000D00051030008510300085103000851030008B0
:1000E00051030008510300085103000851030008A0
:1000F0005103000851030008510300085103000890
:10010000510300085103000851030008510300087F
:10011000510300085103000851030008510300086F
:1001200051030008A95600085103000851030008B4
:10013000510300085103000851030008510300084F
:10014000510300085103000851030008510300083F
:10015000510300085103000851030008510300082F
:100160000000000000000000795F00085103000853
:10017000510300085103000851030008510300080F
:10018000510300085103000851030008000000005B
:100190000000000051030008000000000000000003
:1001A0000000000000000000510300085103000897
:1001B00051030008510300085103000851030008CF
:1001C0005103000851030008000000000000000077
:1001D00000000000000000000000000051030008C3
:1001E0005103000851030008000000000000000057
:1001F00051030008510300085103000800000000EB
:1002000000000000510300085103000851030008DA
:10021000510300085103000851030008510300086E
:100220005103000800000000000000005103000816
:100230005103000800000000000000000000000062
:100240000000000000000000000000005103000852
:100250005103000800F002F800F05DF814A696E8DB
:10026000000CB244B344DA4501D100F054F8BAE8C6
:100270000F000FA696E83000A5EB040504EB060777
:10028000AAEB0704A7F101074FEA15154FEA34144A
:10029000A4F10104AC4201D300F03DF813F0010FCA
:1002A00018BFFB1A43F0010300F001F8DBE7184721
:1002B000ACA80000CCA80000103A24BF78C878C1D0
:1002C000FAD8520724BF30C830C144BF04680C605C
:1002D000704700007047000000230024002500261E
:1002E000103A28BF78C1FBD8520728BF30C148BF99
:1002F0000B607047642900F02781782900F0608145
:10030000732900F06183002070471FB509F07DFD5F
:100310001FBD10B510BD00F08DFB1146FFF7F5FFB6
:1003200007F0B6F800F0ABFB03B4FFF7F2FF03BC35
:1003300000F0B2FB0A4880470A480047FEE7FEE7A4
:10034000FEE7FEE7FEE7FEE7FEE7FEE7FEE7FEE785
:10035000FEE7000004480549054A064B70470000C7
:10036000BD5900085502000880090020800F0020B8
:10037000800B0020800B002053EA020C00F0698003
:100380002DE9F04B4FF00006002B1FBFB3FA83F5A9
:1003900003FA05F424FA05F65E4012BF1643B2FADA
:1003A00082F502FA05F4C5F120051EBF22FA05FC0C
:1003B00044EA0C04203556EA044C4FEA144418BFB2
:1003C000641C4FF000084FF00009904271EB030CE1
:1003D00039D3002919BFB1FA81F701FA07F6B0FA4B
:1003E00080F700FA07F6C7F120071EBF20FA07FCC6
:1003F00046EA0C062037B6FBF4FCA7EB0507103FD6
:1004000007F01F0BCBF120062CFA06F60CFA0BFBBB
:1004100044BFB3460026202FA4BF5E464FF0000B1A
:100420005BEA060C08BF4FF0010B19EB0B0948EB18
:100430000608ABFB027C06FB02CC0BFB03CCC01B0B
:1004400071EB0C01C1E70B46024641464846BDE848
:10045000F08B13B5084318BF4FF0FF300146AFF3E0
:100460000080BDE81C4070470FB41CB50C0007AA03
:10047000009007D04142A14202D32044401E01E037
:100480004FF0FF30074B7B4469460190069800F01F
:100490006EFA0020002C01D0009908701CBC5DF899
:1004A00014FB00000B05000070B504468569006868
:1004B000C10601D5302600E02026C00707D070BD58
:1004C000D4E9012130469047206A401C20626D1E0D
:1004D000F6D570BD70B5044685690078C00707D1B0
:1004E00070BDD4E9012120209047206A401C206281
:1004F0006D1EF6D570BD70B50C460546012A05D0B7
:100500002878800600D5EA69002302E0012305E08F
:100510005B1C934202D2E05C0028F9D1A869E6187E
:10052000C01AA861286A184428622846FFF7BCFF51
:1005300004E0D5E9012114F8010B9047B442F8D347
:100540002846FFF7C7FF70BD2DE9F041064600249D
:1005500010687529314616A510D0AFF30080002829
:1005600002DA404213A507E031688A0701D512A5D7
:1005700002E0490704D511A5012401E0AFF3008092
:1005800000210A2206F1240709E0B0FBF2FCB0FBCF
:10059000F2F302FB1C00303078541846491C002846
:1005A000F3D123462A463046BDE8F04100F080B939
:1005B000000000002D0000002B00000020000000C3
:1005C00070B504460D4621461068AFF300802188BF
:1005D000090502D50F4A7A4402E00E4A7A440E32E7
:1005E000002104F1240305E000F00F060009965DE8
:1005F0005E54491C0028F7D120780023000704D559
:10060000702D02D009B1022311322046BDE870409E
:1006100000F04EB94A9800002DE9F05F8946044683
:100620004FF0000ADFF824B1FB44C0F820A02046B8
:10063000E168884700287DD0252806D0D4E901212B
:100640009047206A401C2062F1E700255F46204663
:10065000E16888472028064607DB312E05D2B81905
:1006600010F8200C08B10543F1E7A80701D525F0E3
:100670000405C4F81CA00027C4F818A02A2E09D02D
:10068000304609F0BBFB38B304EB8708303EC8F8AE
:10069000186019E059F8041B204604EB87029161A9
:1006A000E1688847012F064618D1E069002820DA62
:1006B00025F020051DE0D8F8180000EB800006EBBF
:1006C00040003038C8F818002046E16888470646E0
:1006D00009F094FB0028EED1012F0AD02E2E08D16C
:1006E0002046E16888477F1C0646022F45F020051A
:1006F000C4DBA069002803DA404245F00105A0618F
:10070000E80701D025F01005A6B1A6F1410019288F
:1007100002D8203645F400654A4631462046256019
:100720004D46FFF7E7FD60B1012807D0ED1D25F02C
:10073000070000E007E000F1080978E705F1040987
:1007400075E730467AE7206ABDE8F09F2098000000
:1007500010B5431C02E010F8011B71B18107FAD1FA
:100760004FF0013202C88C1A8C4314EAC211F9D03E
:10077000C01A0A0603D0C01E10BDC01A10BD0A045C
:1007800001D0801E10BD0902FCD0401E10BD032AFE
:1007900040F2308010F0030C00F0158011F8013B9E
:1007A000BCF1020F624498BF11F801CB00F8013B85
:1007B00038BF11F8013BA2F1040298BF00F801CB49
:1007C00038BF00F8013B11F0030300F00181083A43
:1007D000C0F0088051F8043B083A51F804CBA0E877
:1007E0000810F5E7121D5CBF51F8043B40F8043BCC
:1007F000AFF30080D20724BF11F8013B11F801CB01
:1008000048BF11F8012B24BF00F8013B00F801CBD1
:1008100048BF00F8012B70474FF000020429C0F0D8
:10082000128010F0030C00F01B80CCF1040CBCF122
:10083000020F18BF00F8012BA8BF20F8022BA1EB74
:100840000C0100F00DB85FEAC17C24BF00F8012B59
:1008500000F8012B48BF00F8012B70474FF0000251
:1008600000B5134694469646203922BFA0E80C50A6
:10087000A0E80C50B1F12001BFF4F7AF090728BF81
:10088000A0E80C5048BF0CC05DF804EB890028BFFD
:1008900040F8042B08BF704748BF20F8022B11F026
:1008A000804F18BF00F8012B7047704770477047A2
:1008B0002DE9F0470D4699469246044600F124087A
:1008C0000168880604D5E06921F01001216000E08C
:1008D0000120A84201DD471B00E00027A1697A1929
:1008E00002EB0900081AA0612078C00602D4204655
:1008F000FFF7DAFD002608E0D4E901211AF8060026
:100900009047206A401C761C20624E45F4DB20781C
:10091000C0060AD52046FFF7C7FD06E0D4E901214D
:1009200030209047206A401C2062381EA7F1010742
:10093000F4DC07E0D4E9012118F805009047206AAB
:10094000401C2062281EA5F10105F3DC2046FFF7BC
:10095000C1FD2078000602D50220BDE8F087012005
:10096000FBE7000001694A1C02610878704700B586
:100970008FB0CDE901310021059105497944CDE9D8
:10098000031011466846FFF747FE0FB000BD000098
:10099000E5FFFFFFD1E900239A4202D2531C0B600E
:1009A0001070704710B5436913B1AFF3008001E0D8
:1009B000FFF7A1FD012010BD127800F124010A709B
:1009C00000224A700122EDE711684FF0FF32E9E79B
:1009D00010B5203AC0F00B80B1E81850A0E81850CC
:1009E000B1E81850A0E81850203ABFF4F5AF5FEA1C
:1009F000027C24BFB1E81850A0E8185044BF18C9C1
:100A000018C0BDE810405FEA827C24BF51F8043B67
:100A100040F8043B08BF7047D20728BF31F8023BBB
:100A200048BF11F8012B28BF20F8023B48BF00F84F
:100A3000012B7047754600F02BF8AE46050069465D
:100A4000534620F00700854618B020B5FFF782FC1A
:100A5000BDE820404FF000064FF000074FF00008BF
:100A60004FF0000BAC46ACE8C009ACE8C009ACE8FC
:100A7000C009ACE8C00921F007018D46704710B5E8
:100A80000446AFF300802046BDE81040FFF74CBCA1
:100A9000004870472000002001491820ABBEFEE747
:100AA0002600020070470000B0B586B010B16FF0AC
:100AB000010420E040F68C40C4F2024001680025A9
:100AC00041F0010101600068C4F2022500F001005C
:100AD0000190019820200190012002900320002421
:100AE000049001A92846039400F0E4F82846202148
:100AF000002200F0B5F9204606B0B0BD00281CBFAA
:100B00006FF00100704780B50020C4F20220202160
:100B100000F09EF9002080BD7047000000EB40000F
:100B200040F2D031C2F2000101EB800000F088B841
:100B300010B586B040F68C42C4F2024213680446F7
:100B400043F004031360126802F00400019001985E
:100B50004FF40050019040F600004FF00202C4F242
:100B600002200392049229B30021C1F211010291E3
:100B700001A900F09FF804EB440040F2D031C2F22A
:100B8000000101EB80040D21C0F20061204600F05D
:100B900051F840F6C5322046C0F60002002100F0B0
:100BA00079F818200F21002200F0F4F9182000F045
:100BB000DFF904E00021029101A900F07BF8002098
:100BC00006B010BD0020FFF7A7BF0000FEE7000041
:100BD000704700000020FFF7A1BF000072B600BF01
:100BE000FEE7000080B190F8541002290AD10421D8
:100BF00080F85410006842F20402416911434161D7
:100C0000002070472021816501207047B0B504465F
:100C100000F02CF9054640F21900C2F200000078FD
:100C2000611C18BF044400BF00F020F9401BA04223
:100C3000FAD3B0BD00280EBF01200160002070472C
:100C4000F0B581B004460068082202EA503542F24D
:100C50000C07C4F2024700F01F01012057F82520BD
:100C600000FA01F6164205D047F8256060680028B2
:100C700018BF8047381D50F82510314207D040F882
:100C80002560A06818B101B0BDE8F040004701B090
:100C9000F0BD0000022906D0012906D000291CBFA2
:100CA000012070474260082100E0042142500020EA
:100CB000704700000A68002A08BF70472DE9F04F0E
:100CC00083B000F12003019347F67F73C0F22F0336
:100CD00003EA90234FF0000C4FF0010B0027002493
:100CE000002500930CE000BF0A68013532FA05F6D2
:100CF00004F1040407F102070CF1080C00F09E80D7
:100D00000BFA05F812EA0802EED04E68029246F09D
:100D10001006122E19D16FF0030202EA550EDDF80B
:100D200004B004F01C025BF80E30D1F810A00F26BE
:100D300006FA02F90AF00F0623EA090306FA02F29C
:100D40001A434BF80E204FF0010B0268D1F80490C3
:100D50000326BE4009F0030AF343B2430AFA07F63A
:100D60003243B9F1120F026012D80BFA09F212F0F5
:100D7000061F0DD08268CE681A40BE4032438260A2
:100D80004268C9F3001622EA0802AE4032434260CC
:100D9000BAF1030F02D18A68012A05D0C2688E68B1
:100DA0001A40BE403243C260029B5FEAC9029BD533
:100DB00042F2000825F00302C4F2024808EB020EDA
:100DC000DEF860900CF018060F22B24029EA020902
:100DD000009A02FA06F649EA0602CEF86020D8F830
:100DE0000090D1F804E049EA03025FEACE2658BF3A
:100DF00029EA0302C8F80020D8F804905FEA8E229E
:100E000049EA030658BF29EA0306C8F80460D8F87F
:100E100084905FEA8E3249EA030658BF29EA030646
:100E2000C8F88460D8F880905FEACE3249EA0306B9
:100E300058BF29EA0306C8F8806055E703B0BDE84B
:100E4000F04F70470069084018BF0120704700004C
:100E5000426902EA0103914341EA0341816170471B
:100E60001823002A08BF2823C150704740F6780095
:100E7000C2F200000068704740F2190040F67801A5
:100E8000C2F20000C2F2000100780A681044086053
:100E90007047000080B5032000F0A8F802F028FC9D
:100EA00040F62041C4F20241096849F6656201F04A
:100EB0000F01C0F60002515CC84040F20001C2F2CE
:100EC00000010860042003F009FE0F2000F008F87C
:100ED00000281CBF012080BD00F048F8002080BD24
:100EE000B0B540F21905C2F20005297829B30446CD
:100EF0004EF21000CEF20000006840070FD403F05D
:100F000039FE02282CD0012826D068BB40F2000010
:100F1000C2F20000006829784FF4FA5206E040F26D
:100F20000000C2F2000000684FF47A72B2FBF1F1E7
:100F3000B0FBF1F003F00CFE08B10120B0BD4FF0A2
:100F4000FF302146002200F025F840F21C0100206D
:100F5000C2F200010C60B0BD29784FF4FA40E3E71B
:100F600029784FF40040DFE70020E3E770470000F6
:100F7000002848BF704700F01F010122C0F34A104B
:100F800002FA01F14EF20012CEF2000242F82010F5
:100F90007047000010B54EF60C5CCEF2000CDCF889
:100FA0000030C3F3022E8EF00704042C28BF042463
:100FB000BEF103034FF0FF3E38BF00230EFA04F4E6
:100FC000A14399400EFA03F39A43114300F16042A2
:100FD00000F00F03090102F56442043B634400285A
:100FE00048BF03F10C02117010BD00004EF60C5109
:100FF000CEF200010A684FF6FF031A4060F30A229E
:1010000042F0806040F0FD70086070470122016886
:10101000C0F8D822002280F8CC22486D40F00100B0
:101020004865486D40F0020200204A6570470000A4
:101030007047000070470000704700002DE9F04F36
:1010400085B00446006805F01BFA01041AD4410576
:1010500035D441044FD4810400F13784C10400F138
:101060003884010500F16C84010600F17984810562
:1010700000F18584C00540F1498420684FF6FF6285
:1010800000F041BC2068416C090440F13F8404F148
:10109000140140F60F75039104F52771C0F2FF7536
:1010A00046F2004704F5AA7B02914FF00A0905F5C4
:1010B0004051C4F201070091CDF804B031E020683E
:1010C0004FF6FF32416C11404164204600F022FD92
:1010D00094F89402012800F019840120002584F876
:1010E000940265742068002105F00CFA84F894528B
:1010F00005B0BDE8F08F20684BF6FF7200F003BC2E
:10110000307807EBC000416889B2416041684160B6
:1011100031782046FFF78EFF2068416C090440F1CA
:10112000F583426C12F00F0A26D050F82A805FEA4D
:10113000084140F1548150F82A100AEB8A022940F4
:1011400041F080010BEBC20640F82A10317B0029E8
:101150004AD0F17802295CD131785FEA484200F147
:101160009280CDF8109000BF049A002A00F094807D
:10117000049A013A0492F7E70168D2061ED4294086
:1011800041F400410160207D57F83000A16AC0F3AE
:10119000094020630844A06220460021FFF74AFF6F
:1011A000607C0028B8D0E06A0028B5D1607C216856
:1011B00040F08000C86400206074ADE70A053ED4AA
:1011C0000904A9D50168294041F0800101609BF81C
:1011D0000010CDF8109000BF049A002A00F09E8005
:1011E000049A013A0492F7E73178CDF8109000BFE5
:1011F000049A1AB1049A013A0492F9E707EBC10183
:101200004968C1F30947002F00F0D1807169F28865
:10121000CAE0317848F2C00350F821202A401A432E
:1012200040F8212050F8212052044FD4CDF81090DE
:10123000049A002A52D0049A013A0492F8E79BF8E3
:101240000010CDF8109000BF049A1AB1049A013A28
:101250000492F9E707EBC1014968C1F30943082B80
:10126000C4F8703140F05583B4F85A21029905F062
:1012700009F920680168294041F080010160204699
:1012800000F04EFC48E7CDF8109000BF049A6AB316
:10129000049A013A0492F9E707EBC102002352686D
:1012A000C2F30947B269D21B38BF1A46B26154D99A
:1012B0005FEA48625DD450F8212048F2C0032A401A
:1012C0001A4340F82120002F54D170E0CDF810903F
:1012D000049AE2B1049A013A0492F9E707EBC101DA
:1012E0004968C1F30947002F44D160E057F8312025
:1012F0000023C2F30947B269D21B38BF1A46B26154
:101300003BD95FEA486244D4002F4BD14FE057F8F5
:101310003110C1F30947002F44D148E007EBC10168
:101320004968C1F30943002BC4F8703100F077819C
:10133000D4F8681100293FF4EFAEB4F85A2105F053
:10134000A1F8D4F86801D4F870110844C4F8680111
:1013500020460021FFF770FEDEE650F82120009BBA
:101360001A404AF280035A4040F821205FEA48625E
:10137000A1D5E7B17169728916E050F82120009B70
:101380001A404AF280035A4040F821205FEA48623E
:10139000BAD550F8212048F2C0032A401A4340F839
:1013A000212027B1716932893B4605F06BF8D6E9F7
:1013B00006013944F16110B13069B84204D931787D
:1013C0002046FFF739FE06E07069C1192068716197
:1013D000314604F0FFFD46F20047C4F201075FEA20
:1013E00008607FF599AE20680AEB8A0150F82A2040
:1013F000039B03EBC10602EA050141F4004140F8FA
:101400002A10F278012A1BD1307B00284FF000000F
:10141000B0613FF47DAE70785FEA486136D4012850
:101420003FF46EAE00287FF473AE307807EBC00057
:10143000416821F07C414160416841F0004166E62D
:101440005FEAC85115D4317857F83120B369C2F337
:10145000094200279B1A38BF3B46B3612AD97169FC
:10146000F369114471619918F161314604F0B2FDDC
:1014700025E231785FEA486320D4CDF8109000BFB0
:10148000049B1BB3049B013B0493F9E7012800F084
:10149000CE8000287FF43CAE307857F8301021F031
:1014A0007C4147F8301057F8301041F0004147F8C0
:1014B00030102DE62046FFF7BDFD00E2CDF810907C
:1014C000049BE3B3049B013B0493F9E707EBC10ED4
:1014D00000235EF8047FB569C7F30947ED1B38BFE9
:1014E0001D46B56162D9DDF804B040F60F755FEABC
:1014F0004842C0F2FF7507D450F821204CF2800317
:101500002A401A4340F8212096F824104FF00A0987
:10151000012940F0C881D6E904C1D6E907523D440B
:10152000394462457161F56180F0D280002A00F093
:101530005A8100239446336286F8243057E157F8E5
:101540003130B769C3F309430025FF1A38BF2F466E
:10155000B76148D940F60F755FEA4842C0F2FF759F
:1015600007D550F821204CF280072A403A4340F832
:10157000212096F824204FF00A09012A40F0938197
:10158000D6E90472D6E9075E02EB030CEA18BE4501
:10159000C6F814C0F26180F09F800022BEF1000FF7
:1015A00086F8242040F09B809E4699E07778DDF80D
:1015B00004B040F60F75012FC0F2FF7542D0002F26
:1015C0004FF00A0940F0C08046F20043C4F2010324
:1015D00053F8315025F07C4543F8315053F83150E1
:1015E00045F0004539E0737840F60F75012BC0F2E5
:1015F000FF754BD046F20047002B4FF00A09C4F2AA
:10160000010740F0C8803D4657F8317027F07C470D
:1016100045F8317055F8317047F0004743E00168F4
:10162000009A11404BF280025140016074E530781D
:1016300057F8301089B247F8301057F8301047F893
:10164000301065E546F20043C4F2010353F831500F
:10165000ADB243F8315053F8315043F83150DDF812
:1016600004B0012F4FF00A0961D040F60F75002F2A
:10167000C0F2FF7568D1DEF8007027F07C47CEF825
:101680000070DEF8007047F000475BE046F200456E
:10169000C4F2010555F831704FF00A09BFB245F8A0
:1016A000317055F83170012B45F831702F4663D0F9
:1016B00040F60F75002BC0F2FF756CD107EBC1032C
:1016C0005F6827F07C475F605F6847F000475DE038
:1016D000A2EB0C0232628AE0AEEB0702BE46326237
:1016E0007278DDF804B046F2004740F60F75C4F298
:1016F0000107C0F2FF75012A6BD0002A40F0B880C4
:1017000057F83120BEF1000F22F07C4247F831201B
:1017100000F09780BEF13E0F00F299800EF00102BA
:1017200002EB5E0257F8313043EA82629EE0DEF857
:10173000007040F60F75BFB2C0F2FF75CEF80070B2
:10174000DEF80070CEF80070022A09D150F821208E
:1017500005F130031A4048F2A0035A4040F8212016
:101760002046FFF767FC46F200475FEA4840C4F2B4
:1017700001073FF5D1AC21E007EBC10340F60F753F
:101780005F68C0F2FF75BFB25F605F685F6046F27E
:101790000047C4F20107022A09D150F8212005F1BF
:1017A00030031A4048F2A0035A4040F82120204656
:1017B000FFF740FC5FEA48407FF5AEAC2068317827
:1017C0004CF2800350F821202A401A4340F821208F
:1017D000A2E457F8312092B247F8312057F831206F
:1017E00042EA0E4242E0002286F82420BC4672788B
:1017F000DDF804B040F60F75C0F2FF75012A16D06F
:10180000002A4BD1DEF80020BCF1000F22F07C4210
:10181000CEF8002018D0BCF13E0F2ED80CF00102FB
:1018200002EB5C02DEF8007047EA826234E0DEF828
:10183000002092B2CEF80020DEF8002042EA0C42EE
:101840002AE057F831200FE0DEF8002022E05FEABE
:10185000CE634FEA5E124FF0FF3308BF03EB5E1218
:1018600057F8313043EA826242F0004247F83120B3
:1018700032891FFA8EF3614613E04FEA5C125FEA89
:10188000CC674FF0FF3308BF03EB5C12DEF800704B
:1018900047EA826242F00042CEF8002072891FFAC5
:1018A0008CF304F035FE2068317805F1300350F8F0
:1018B00021201A4048F2B0035A4040F8212046F255
:1018C0000047C4F20107FFF727BC20684DF6FF72FE
:1018D00019E02068016C21F004010164016C21F021
:1018E0000801016494F8CC02012806D1002084F894
:1018F000CC0220460021FFF79BFB204600F00CF9AC
:1019000020684EF6FF72416C1140416405B0BDE89D
:10191000F08F0168009A114049F280025140016045
:10192000016805F13002114048F290025140016017
:101930000168294041F08001016005B0BDE8F08FE9
:1019400021684FF2FF72086C40F008000864486C90
:1019500010404864086C40F0040220460A6409E024
:1019600020684FF67F72416C1140416494F8CC12AC
:1019700089B1204605B0BDE8F04F00F0D3B821682A
:101980004FF6FF52486C024020464A6405B0BDE85D
:10199000F04F00F0C3B8016C41F004010164016C28
:1019A00041F008010164012184F8CC12406D3C2112
:1019B00001EA900220460121C4F8D02205B0BDE81A
:1019C000F04FFFF735BB0000002804BF012070472F
:1019D00010B582B0044690F8950228B9002084F82A
:1019E0009402204600F060F8032084F895022068F5
:1019F00004F0E6FA94E80F0094F810C0CDF800C0A7
:101A000004F0AAFAC8BB2068002104F06BFDA0BB5B
:101A1000207948B300EB800000214FEAC00E4FF060
:101A2000010C0023002200BFE018283302759E45F8
:101A300002F1010280F815C0C175C0E90911C16247
:101A4000F2D1002100220023A018283280F854315E
:101A5000964503F1010380F8551180F85711C0E94C
:101A60005911C0F86C11EFD194E80F0094F810C030
:101A7000CDF800C004F094FA28B1022084F8950251
:101A8000012002B010BD00206074012084F895028E
:101A9000207B012804BF2046FFF7B8FA206804F035
:101AA00077FA002002B010BD10B5B6B0044602A807
:101AB000D021FEF7D3FE206846F20001C4F20101F6
:101AC000884201D036B010BD102003900020029053
:101AD0003020339002A800F0B1FF002818BFFFF7B4
:101AE0007DF800F021F840F6A440C4F202400168FD
:101AF000002241F0807101600068002100F08070D8
:101B0000019001984A20FFF745FA4A20FFF730FA82
:101B100036B010BD704700007047000070470000ED
:101B2000704700007047000040F63800C4F20240E1
:101B3000016841F0007101607047000010B540F687
:101B4000284CC4F2024CDCF80CE0DCF80010DCF8A5
:101B50000020C2F30523DCF80020DCF81040ABB312
:101B6000E408D20604EAE27201F003016FF35F3287
:101B700000EE102A0329B8EE400A6FF35F2E2FD033
:101B8000022928D001295CF8281C49F20002C1F37F
:101B9000C101C0F2D03222FA01F101EE101A02EEB8
:101BA000103AB8EE411AB8EE422A9FED473A81EE5C
:101BB000021A02EE10EA20EE030AB8EE422A30EED4
:101BC000020AB7EE002A30EE022A1FE00021C0E927
:101BD0000011816010BD01EE103A9FED3C2A03E038
:101BE00001EE103A9FED372AB8EE411A82EE012A33
:101BF00001EE10EA9FED343AB8EE411A20EE030AE6
:101C000030EE010AB7EE001A30EE011A5CF8281C1B
:101C100022EE010A890103D5DCF80010C90301D4C2
:101C2000002111E0DCF80C10B7EE002AC1F34621C8
:101C300001EE101AB8EE411A31EE021A80EE011AC6
:101C4000BCEEC11A11EE101A01605CF8281C890163
:101C500003D5DCF80010890301D4002111E0DCF881
:101C60000C10B7EE002AC1F3064101EE101AB8EECF
:101C7000411A31EE021A80EE011ABCEEC11A11EEC1
:101C8000101A41605CF8281C890144BFDCF8001080
:101C90005FEA413102D40021816010BDDCF80C10F4
:101CA000B7EE002AC1F3066101EE101AB8EE411A30
:101CB00031EE021A80EE010ABCEEC00A10EE101AD4
:101CC000816010BD20BCBE4B000000390024744A66
:101CD00010B540F62C4CC4F2024CDCF810E0DCF8F5
:101CE0000010DCF80020C2F30523DCF80020DCF84B
:101CF0001440ABB3E408D20604EAE27201F0030137
:101D00006FF35F3200EE102A0329B8EE400A6FF33A
:101D10005F2E2FD0022928D001295CF82C1C49F213
:101D20000002C1F3C101C0F2D03222FA01F101EE8A
:101D3000101A02EE103AB8EE411AB8EE422A9FEDA0
:101D4000473A81EE021A02EE10EA20EE030AB8EEDC
:101D5000422A30EE020AB7EE002A30EE022A1FE0D5
:101D60000021C0E90011816010BD01EE103A9FED25
:101D70003C2A03E001EE103A9FED372AB8EE411AF3
:101D800082EE012A01EE10EA9FED343AB8EE411AD4
:101D900020EE030A30EE010AB7EE001A30EE011A07
:101DA0005CF82C1C22EE010A090103D5DCF80010B6
:101DB000C90301D4002111E0DCF81010B7EE002AAD
:101DC000C1F3462101EE101AB8EE411A31EE021AA3
:101DD00080EE011ABCEEC11A11EE101A01605CF817
:101DE0002C1C090103D5DCF80010890301D4002163
:101DF00011E0DCF81010B7EE002AC1F3064101EE45
:101E0000101AB8EE411A31EE021A80EE011ABCEE39
:101E1000C11A11EE101A41605CF82C1C090144BF74
:101E2000DCF800105FEA413102D40021816010BD6E
:101E3000DCF81010B7EE002AC1F3066101EE101AAB
:101E4000B8EE411A31EE021A80EE010ABCEEC00A69
:101E500010EE101A816010BD20BCBE4B000000398E
:101E60000024744A10B540F6304CC4F2024CDCF841
:101E700014E0DCF80010DCF80020C2F30523DCF8E5
:101E80000020DCF81840ABB3E408D20604EAE272A2
:101E900001F003016FF35F3200EE102A0329B8EE60
:101EA000400A6FF35F2E2FD0022928D001295CF859
:101EB000301C49F20002C1F3C101C0F2D03222FA53
:101EC00001F101EE101A02EE103AB8EE411AB8EE26
:101ED000422A9FED473A81EE021A02EE10EA20EE06
:101EE000030AB8EE422A30EE020AB7EE002A30EEBC
:101EF000022A1FE00021C0E90011816010BD01EE3F
:101F0000103A9FED3C2A03E001EE103A9FED372A8C
:101F1000B8EE411A82EE012A01EE10EA9FED343A42
:101F2000B8EE411A20EE030A30EE010AB7EE001AAD
:101F300030EE011A5CF8301C22EE010A890003D54C
:101F4000DCF80010C90301D4002111E0DCF8141002
:101F5000B7EE002AC1F3462101EE101AB8EE411A7D
:101F600031EE021A80EE011ABCEEC11A11EE101AFF
:101F700001605CF8301C890003D5DCF8001089038F
:101F800001D4002111E0DCF81410B7EE002AC1F3EF
:101F9000064101EE101AB8EE411A31EE021A80EE37
:101FA000011ABCEEC11A11EE101A41605CF8301C27
:101FB000890044BFDCF800105FEA413102D40021FF
:101FC000816010BDDCF81410B7EE002AC1F3066181
:101FD00001EE101AB8EE411A31EE021A80EE010A33
:101FE000BCEEC00A10EE101A816010BD20BCBE4BC2
:101FF000000000390024744A80B584B04FF6FF73A6
:102000000246C0F23F0300209B1A70EB0103C0F2AE
:10201000608041F6FF739B1A70EB0103C0F28E8063
:10202000B2F1010E61F1000CDEF11F034FF000036D
:1020300073EB0C03C0F0C081DFE81EF020009402B7
:102040008403DB0184038403840336028403840352
:102050008403840384038403840365028403840368
:102060008403840384038403840384038403840338
:1020700084038403840384038403070240F600403E
:10208000C4F20240D0F8D81011F0070100F0DD834F
:102090000268012903D112F0006240F0F683026861
:1020A000022903D112F0005240F0B48303680268A1
:1020B000032903D113F0020340F07984042903D1EA
:1020C00012F4007240F0A384D0F8F000052900F06B
:1020D00037BC6FF040439B1A70EB01036DDA0729A0
:1020E00040F3C880B1F5007F80F2188181F00803C9
:1020F000134300F0D88281F01001114340F0228395
:1021000040F60040C4F20240D0F8E41001F0300183
:10211000102900F0B6830268202903D112F0005282
:1021200040F07883006810F400501CBF46F6004071
:10213000C0F2DC20302918BF002003E34FF6FF7304
:102140009B1A4FF0000C7CEB010380F2B7804FF636
:10215000FF73C0F203039B1A7CEB0103C0F2FA8009
:1021600082F480330B4300F0D18282F400321143B9
:1021700040F0E88240F60040C4F20240D0F8DC10A3
:10218000C1F30221052900F28683DFE811F02D0159
:10219000F0025803A5039C030600D0F8E81003687A
:1021A00002689B0701F0404102D5002900F0FF833F
:1021B000920500F1088400F009BC6FF078439B1A87
:1021C0004FF000038B4123DB82F480030B4300F0CC
:1021D000468282F000730B4300F0EA8182F0806255
:1021E000114340F0AF8240F60040C4F20240D0F804
:1021F000E810026801F03001920440F12B830029BD
:1022000040F0288346F60040C0F2DC2004B080BDD8
:1022100082F000630B4300F02C8282F080530B436A
:1022200000F0F88182F00052114340F08B8240F6BA
:102230000041C4F20241D1F8E000C0F38212042A46
:1022400000F2298348F20000C0F2BB00DFE812F080
:1022500019038F0227027A020500D1F8E8200B68E3
:1022600008689B0702F0404240F1F581002A00F027
:102270007983F0E182F080430B4300F0B28281F079
:102280000203134300F0798281F00401114340F00E
:10229000598240F60040C4F20240D0F8E8100068CD
:1022A000800301F4407040F1E682002840F0E382B0
:1022B00047F64000C0F27D1004B080BD82F40053A8
:1022C0000B4300F0AB8282F480430B4300F06A8240
:1022D00082F40042114340F0358240F60040C4F2DF
:1022E0000240D0F8E41001F44011B1F5801F00F075
:1022F000A682002978D002680068B1F5001F03D1DA
:1023000012F0020240F02E8310F400701CBF40F661
:102310000010C0F23D00B1F5401FD0E281F400731F
:10232000134300F0DB8181F48051114340F00A82B5
:1023300040F60041C4F20241D1F8E40000F04060F0
:10234000B0F1806F00F07B8200284DD00A68B0F1B8
:10235000006FEDE182F480230B4300F0F58182F4FD
:102360000012114340F0EE8140F60040C4F20240FA
:10237000D0F8E81001F00701022900F00F820129CE
:1023800000F0BC82002900F004820268032902D117
:1023900012F400328CD102680068042903D112F0D3
:1023A000020240F0DF8210F400701CBF40F6001003
:1023B000C0F23D00052982E282F48052114340F0D0
:1023C000C18140F60040C4F20240D0F8E01001F0B4
:1023D000E061B1F1007F00F01D82B1F1807F00F07B
:1023E0005482002940F09A8204B0BDE8804001F098
:1023F0005BB940F60040C4F20240D0F8D81011F4A6
:10240000E07100F017820268402903D112F00062E7
:1024100040F03B820268802903D112F0005240F064
:10242000F98103680268C02903D113F0020340F068
:10243000BE82B1F5807F03D112F4007240F0E782D2
:10244000D0F8F000B1F5A07F7AE240F60040C4F287
:102450000240D0F8D81011F4603100F0EB8102682E
:10246000B1F5004F03D112F0006240F00E82026815
:10247000B1F5803F03D112F0005240F0CB810368E8
:102480000268B1F5C03F03D113F0020340F08F8220
:10249000B1F5003F03D112F4007240F0B882D0F8D9
:1024A000F000B1F5203F4BE240F60040C4F202409C
:1024B000D0F8D81011F4606100F0BC810268B1F569
:1024C000007F03D112F0006240F0DF810268B1F5B5
:1024D000806F03D112F0005240F09C8103680268C3
:1024E000B1F5C06F03D113F0020340F06082B1F583
:1024F000006F03D112F4007240F08982D0F8F0002E
:10250000B1F5206F1CE240F60040C4F20240D0F862
:10251000D81011F4E04100F08D810268B1F5805FC0
:1025200003D112F0006240F0B0810268B1F5005FA3
:1025300003D112F0005240F06D8103680268B1F5DA
:10254000405F03D113F0020340F03182B1F5804FB8
:1025500003D112F4007240F05A82D0F8F000B1F5C5
:10256000A04FEDE140F60040C4F20240D0F8D81090
:1025700011F0380100F05E810268082903D112F0E1
:10258000006240F08281102900F0448103680268F3
:10259000182903D113F0020340F00982202903D146
:1025A00012F4007240F03382D0F8F0002829C7E11D
:1025B00040F60041C4F20241D1F8F000D1F8F02019
:1025C000920700F4407203D5B2F5807F00F04F818E
:1025D000D1F8F000000103D5B2F5007F00F07A8059
:1025E000086880034FF0000040F1AC80B2F5407FF6
:1025F00040F0A880C86910F4785F00F04C81C86989
:1026000047F64001C0F30520C0F27D11B1FBF0F0A8
:1026100004B080BD40F60041C4F20241D1F8E000B0
:10262000C0F3C202042A00F2368148F20000C0F270
:10263000BB00DFE812F026019C0034008700050093
:10264000D1F8E8200B6808689B0702F0404202D5E9
:10265000002A00F08781800500F1D681DDE140F697
:102660000040C4F20240D0F8E400400640F1098185
:1026700094E040F60041C4F20241D1F8E00000F0DD
:102680000702042A00F2078148F20000C0F2BB00F2
:10269000DFE812F0F7006D00050058005E0101A8A8
:1026A000FFF7E0FB66E040F60040C4F20240D0F8DD
:1026B000E810D0F8F02001F0C001920702D50029FF
:1026C00000F0D580D0F8F020120140F10D814029B2
:1026D00040F00A814FF4FA4004B080BD40F600415A
:1026E000C4F20241D1F8E800D1F8F02000F008006F
:1026F000920702D5002800F0BA80D1F8F010002827
:1027000018BF4FF4FA4001F0006192E140F6004139
:10271000C4F20241D1F8E40000F04070B0F1807FD3
:1027200000F08D80002800F085800A68B0F1007FFD
:102730004FF0000006D112F0020203D00868C0F387
:10274000C10036E104B080BD40F60040C4F2024052
:10275000D0F8DC10C1F30231052900F29C80DFE8DB
:1027600011F0690006006E00BB00B2001D0101A857
:10277000FFF7AEFA019804B080BD40F60040C4F205
:102780000240D0F8E41001F00301DFE801F0027A22
:1027900007BC04B0BDE8804000F026BF01A8FFF7E9
:1027A00097FA4FE040F60040C4F20240D0F8E4103F
:1027B00001F44021B1F5802F41D0D9B302680068FF
:1027C000B1F5002F03D112F0020240F0CB8010F4DB
:1027D00000701CBF40F60010C0F23D00B1F5402F64
:1027E0006DE040F60040C4F20240D0F8E01011F471
:1027F00060612AD00268B1F5007F02D112F0006258
:1028000043D10268B1F5806F40F0AF8012F0005202
:1028100000F0AB8001A8FFF725FB39E040F600404F
:10282000C4F20240D0F8E41001F44031B1F5803F29
:1028300005D099BB04B0BDE8804000F0EDBE01A812
:10284000FFF710FB039804B080BD04B0BDE88040E2
:1028500000F006BF0268920101D5102911D0D0F80E
:10286000F020920740F1BF80202940F0BC804FF457
:10287000004004B080BDB0F5007F06D0B0F5807F89
:1028800009D101A8FFF75AF902E001A8FFF720FAE1
:10289000029804B080BD002004B080BD02680068CA
:1028A000B1F5003F02D112F002025BD110F40070CA
:1028B0001CBF40F60010C0F23D00B1F5403F18BF0C
:1028C000002004B080BDD0F8F0004FF4FA410001C0
:1028D00001EAE07004B080BDD0F8F0004FF4004190
:1028E00001EA803004B080BD0068802900F40072E5
:1028F0004FF0000008BF48F212007EE004B0BDE8CF
:10290000804000F0F5BED0F8E810036802689B072D
:1029100001F0404155D5002949D052E003680268D2
:10292000B1F1407F02D113F0020340D1B1F1806FC9
:1029300002D112F400726AD1D0F8F000B1F1A06FA8
:1029400000F002024FF0000008BF900304B080BD09
:10295000D1F8E8200B6808689B0702F0404251D587
:10296000002A4FD1C0F3C10023E003680268B1F52B
:10297000C06F02D113F0020319D1B1F5006F02D17B
:1029800012F4007243D1006810F400301CBF47F607
:102990004000C0F27D10B1F5206F90E7D0F8E8104C
:1029A000036802689B0701F040410AD549B9C2F3A8
:1029B000C10049F20001C0F2D03121FA00F004B0A8
:1029C00080BD920502D5B1F1804F20D00068B1F1F1
:1029D000004F00F400324FF0000004BF47F6400003
:1029E000C0F27D1009E0D0F8F000302900F000625C
:1029F0004FF0000008BF4FF4FA40002A08BF10460D
:102A000004B080BD800508D5B2F1804F05D140F6F5
:102A10000010C0F23D0004B080BD0868B2F1004F64
:102A200000F400314FF0000004BF47F64000C0F250
:102A30007D10002908BF084604B080BD2DE9F0478D
:102A40000446006840F62848C101C4F2024807D590
:102A5000D8F8C010A26D21F040411143C8F8C01051
:102A6000C00701D1002017E0E16D052900F2E583E0
:102A70000020DFE811F00600FF03A50306000600B2
:102A8000060008B1814609E0D8F8B010E26D21F0E7
:102A900007011143C8F8B0104FF0000921788907E9
:102AA00018D5216E4FEAF101052900F2C983DFE84C
:102AB00011F00600E7038D0306000600060008B1CA
:102AC000814607E0D8F8B010226E21F0380111439A
:102AD000C8F8B0102178490718D5616E4FEAB111D6
:102AE000052900F2B083DFE811F00600D103770377
:102AF00006000600060008B1814607E0D8F8B010CD
:102B0000626E21F4E0711143C8F8B0102178090712
:102B100018D5A16E4FEA7121052900F29783DFE8ED
:102B200011F00600BB03610306000600060008B1B1
:102B3000814607E0D8F8B010A26E21F4606111431D
:102B4000C8F8B0102178C90618D5E16E4FEA3131C6
:102B5000052900F27E83DFE811F00600A5034B0390
:102B600006000600060008B1814607E0D8F8B0105C
:102B7000E26E21F4E0411143C8F8B01021788906D3
:102B800018D5216F4FEAF131052900F26583DFE89E
:102B900011F006008F03350306000600060008B199
:102BA000814607E0D8F8B010226F21F4603111435C
:102BB000C8F8B0106178C90618D5616F4FEA316165
:102BC000052900F24C83DFE811F0060079031F03AA
:102BD00006000600060008B1814607E0D8F8B810E4
:102BE000626F21F0E0611143C8F8B810617889067E
:102BF0001DD5A16F6FF0010202EB3142022A08D30A
:102C00004FEA314129B1012906D104F1300002F027
:102C1000D5FC20B181460AE001200028FAD1D8F87D
:102C2000BC10A26F21F440311143C8F8BC10617888
:102C300049061DD5E16F6FF0010202EBB142022A95
:102C400008D34FEAB14129B1012906D104F130007E
:102C500002F0B4FC20B181460AE001200028FAD13C
:102C6000D8F8BC10E26F21F440211143C8F8BC1021
:102C7000617809061FD5D4F880106FF0010202EBCD
:102C80003152022A08D34FEA315129B1012906D124
:102C900004F1300002F092FC20B181460BE00120EB
:102CA0000028FAD1D8F8BC10D4F8802021F44011C3
:102CB0001143C8F8BC10A178C9071CD0D4F88410FF
:102CC000002918BFB1F1007F02D158B1814612E04E
:102CD000B1F1807F12BF012004F1300002F06EFCE0
:102CE0000028F3D1D8F8BC10D4F8842021F040712A
:102CF0001143C8F8BC106179C9061CD5D4F88810F6
:102D0000002918BFB1F1006F02D158B1814612E01D
:102D1000B1F1806F12BF012004F1300002F04EFCCF
:102D20000028F3D1D8F8BC10D4F8882021F04061F5
:102D30001143C8F8BC10D4E9001240F61C46C4F296
:102D40000246120508D5326822F400423260D4F8F7
:102D5000C82033681A43326089031AD5D4F88C101E
:102D60004FEA3121052900F27D82DFE811F00600EB
:102D7000AD02520206000600060008B1814608E0D6
:102D8000D8F8B410D4F88C2021F4E0611143C8F8CD
:102D9000B410A17849071AD5D4F890104FEA313110
:102DA000052900F26182DFE811F006009402390281
:102DB00006000600060008B1814608E0D8F8B41005
:102DC000D4F8902021F4E0411143C8F8B410A17860
:102DD000890613D5D4F8A010052900F247820229EC
:102DE00000F0218208B1814608E0D8F8C010D4F87C
:102DF000A02021F007011143C8F8C010D4E9001247
:102E0000920509D5D4F8A42042F00803082B18BF76
:102E10000120002855D0814689012AD54FF6084760
:102E2000CFF6FF778246F05940F00100F051FEF7EF
:102E30001DF80546F059C00707D1FEF717F8401BEB
:102E40000328F7D3032098B901E0504680B9D8F899
:102E5000C81011F4407100F04682D4F8BC209142B1
:102E600040F05A82C90740F04282002800F06E828A
:102E7000814621684A0114D5D4F898206FF00103E7
:102E800003EB3213022B0AD34FEA32133BB1012B6F
:102E900035D1D8F8003043F40033C8F8003088B397
:102EA0008146490237D5D4F89C10402913D011BB74
:102EB000D8F8001041F40031C8F8001088B18146FC
:102EC00029E0D8F8C03023F008031A43C8F8C0201E
:102ED0008901A3D4CDE704F1080002F0F9FA002833
:102EE000EDD1D8F8BC10D4F89C2021F0400111435A
:102EF000C8F8BC100FE001200028E0D1F1E7012064
:102F00000028CDD1D8F8C03023F030031A43C8F8D8
:102F1000C0204902C7D4E17809071DD5D4F8AC1008
:102F2000042900F23E81DFE811F0060124010800C7
:102F30000500050038B181460EE004F1300002F0D2
:102F40003DFB0028F7D1D8F8B810D4F8AC2021F018
:102F500007011143C8F8B810E178C9061FD5D4F8A5
:102F6000B0104FEAF101042900F22081DFE811F0EE
:102F7000ED00090108000500050038B181460EE0AA
:102F800004F1300002F01AFB0028F7D1D8F8B8108D
:102F9000D4F8B02021F038011143C8F8B810E17816
:102FA00089061FD5D4F8B4104FEAB111042900F2F4
:102FB0000281DFE811F0D400EE00080005000500F2
:102FC00038B181460EE004F1300002F0F7FA002833
:102FD000F7D1D8F8B810D4F8B42021F4E071114337
:102FE000C8F8B810E17849061AD5D4F8B8104FEAF5
:102FF0007121052900F23C81DFE811F00600700123
:103000001A0106000600060008B1814608E0D8F85B
:10301000B810D4F8B82021F460611143C8F8B81092
:10302000217989071CD5D4F8A810032900F27E80E5
:10303000DFE801F00205740248B1814610E0D8F8DB
:10304000001041F40031C8F800100028F5D1D8F87C
:10305000BC10D4F8A82021F003011143C8F8BC101B
:103060002179490720D5D4F89410D1B1B1F5007F6A
:1030700013D0B1F5807F49D1D8F8001041F4003168
:10308000C8F8001078B9D8F8C010D4F8942021F40A
:1030900040711143C8F8C01006E004F1080002F0C6
:1030A00017FA0028EFD081462179C9061DD5D4F83A
:1030B000C41030290FD0202909D010292AD1D8F8DE
:1030C000001041F40031C8F8001078B904E004F1B0
:1030D000300002F073FA48B9D8F8BC00D4F8C41034
:1030E00020F030000843C8F8BC00484621790907A1
:1030F00058BFBDE8F087D8F8C010D4F8C02021F040
:10310000C0011143C8F8C010BDE8F08701200028B5
:10311000C9D1B8E701200028E8D1DDE704F10800B3
:1031200002F0D6F900287FF488AF90E7012000284C
:103130007FF483AF8BE7D8F8001041F40031C8F872
:10314000001000287FF4F7AEFDE6D8F8001041F437
:103150000031C8F8001000287FF410AF16E7D8F847
:10316000001041F40031C8F8001000287FF429AFA6
:103170002FE704F1080002F0ABF900287FF4DBAE82
:10318000E1E604F1080002F0A3F900287FF4F6AEAE
:10319000FCE604F1080002F09BF900287FF411AF6F
:1031A00017E7012000287FF4C6AECCE601200028F6
:1031B0007FF4E4AEEAE6012000287FF402AF08E7DE
:1031C00004F1300002F0FAF9FFF75BBC04F13000C3
:1031D00002F0F4F9FFF773BC04F1300002F0EEF9ED
:1031E000FFF789BC04F1300002F0E8F9FFF79FBC5B
:1031F00004F1300002F0E2F9FFF7B5BC04F1300051
:1032000002F0DCF9FFF7CBBC04F1300002F0D6F994
:10321000E1E404F1300002F0D1F9AEE504F1300050
:1032200002F0CCF9C7E504F1080002F051F9D9E544
:1032300004F1300002F0C2F9E6E60120FFF721BCFC
:103240000120FFF73CBC0120FFF755BC0120FFF730
:103250006EBC0120FFF787BC0120FFF7A0BC012056
:10326000FFF7B9BC012088E50120A4E50120B9E5FC
:103270000120C9E604F1080002F02AF9FFF701BCB9
:1032800004F1080002F024F9FFF719BC04F108006A
:1032900002F01EF9FFF72FBC04F1080002F018F944
:1032A000FFF745BC04F1080002F012F9FFF75BBC20
:1032B00004F1080002F00CF9FFF771BC04F10800FA
:1032C00002F006F9FFF787BC04F1080002F000F9EC
:1032D00053E504F1080002F0FBF86CE504F1080086
:1032E00002F0F6F890E60021C9073FF4BEAD824631
:1032F000FDF7BCFD054641F2893700BFD8F8C8008C
:1033000080071FD4FDF7B2FD401BB842F6D303205F
:1033100000287FF4ADAD19E0D8F8C810D8F8C8205F
:1033200021F4407142F48032C8F8C820D8F8C8208F
:1033300022F48032C8F8C820C8F8C810C9073FF482
:1033400094ADD4E7504600287FF492ADD4F8BC1079
:1033500032684FF6CF7701F4407322F47C52C0F20A
:10336000FF0707EA1117B3F5407F08BF3A43326001
:10337000D8F8C8206FF31F3122F44072C8F8C82073
:10338000D8F8C8201143C8F8C81072E52DE9F043F9
:1033900081B0002800F0CF8042F20008C4F2020899
:1033A0000446D8F800000D4600F00F0088420DD208
:1033B000D8F8000020F00F002843C8F80000D8F823
:1033C000000000F00F00A84240F0B580206840F6F1
:1033D0002047C106C4F202470CD561693A687023E0
:1033E00003EA1222914205D93A6822F4E04242EA05
:1033F0000121396001070CD521693A68702303EA7D
:103400001212914205D93A6822F4E06242EA0111AF
:10341000396041070AD5E1683A6802F070029142CA
:1034200004D93A6822F070021143396081070AD545
:10343000A1683A6802F00F02914204D93A6822F07A
:103440000F0211433960C00767D1206881070AD590
:10345000A1683A6802F00F02914204D23A6822F061
:103460000F0211433960D8F8001001F00F01A94292
:103470000CD9D8F8001021F00F012943C8F800102A
:10348000D8F8001001F00F01A94254D141070AD524
:10349000E1683A6802F07002914204D23A6822F080
:1034A00070021143396001070CD521693A68702315
:1034B00003EA1212914205D23A6822F4E06242EA2B
:1034C00001113960C0060CD560693968702202EAC2
:1034D0001121884205D2396821F4E04141EA0020F7
:1034E000386000F005F9396849F6656201F00F01AE
:1034F000C0F60002525C40F21C01C2F200010968F1
:1035000040F2000320FA02F2C2F2000308461A60F9
:1035100001B0BDE8F043FDF7E3BC606857F8201C3C
:1035200001280CD0022804D0032859D1890102D5E2
:1035300007E0890305D4012001B0BDE8F0838905C7
:10354000F9D557F8041C21F00301084347F8040C8F
:10355000FDF78CFC61680646032941F2883938D0B2
:10356000022928D001290FD157F8040C00F01800C7
:1035700008283FF46AAFFDF779FC801B48454FF0FF
:103580000300F1D90DE000BF57F8040C10F0180F3C
:103590003FF45BAFFDF76AFC801B48454FF003002A
:1035A000F2D901B0BDE8F083FDF760FC801B48450F
:1035B0004FF00300F5D857F8040C00F0180010285D
:1035C000F2D142E7FDF752FC801B48454FF0030063
:1035D000E7D857F8040C00F018001828F2D134E7A7
:1035E0008907A8D5ADE7000080B500F081F840F666
:1035F0002041C4F20241096849F6656201F00F01F9
:10360000C0F60002515C01F01F01C84040F2000109
:10361000C2F20001086080BD80B500F069F840F694
:103620002041C4F202410A6849F6656302F00F02C4
:10363000C0F600039A5C02F01F02D04040F2000284
:10364000C2F200021060096849F67562C1F3021106
:10365000C0F60002515C01F01F01C84080BD0000AF
:1036600080B500F045F840F62041C4F202410A68F6
:1036700049F6656302F00F02C0F600039A5C02F09F
:103680001F02D04040F20002C2F20002106009683E
:1036900049F67562C1F30221C0F60002515C01F0E7
:1036A0001F01C84080BD000080B500F021F840F641
:1036B0002041C4F202410A6849F6656302F00F0234
:1036C000C0F600039A5C02F01F02D04040F20002F4
:1036D000C2F200021060096849F67562C1F3023156
:1036E000C0F60002515C01F01F01C84080BD00001F
:1036F00080B540F60041C4F20241C86900F01800EC
:10370000082802BF40F60010C0F23D0080BDC86925
:1037100010F0180F34D0C86900F01800102802BF4C
:1037200047F64000C0F27D1080BDC86900F0180067
:10373000182849F20000C0F2D03063D1D1F828E057
:103740008A6AC2F3052C8A6A8B6BBCF1000F04BF36
:10375000002080BDDB08D20603EAE2726FF35F321D
:1037600000EE102A0EF00302B8EE400A032A14D02D
:10377000012A15D10A68920615D49FED241A1AE081
:103780000868800649F20000C0F2D03058BF80BD02
:103790000968C1F3C101C84080BD9FED1B1A0AE052
:1037A0009FED1B1A07E00A68C2F3C102D04001EE88
:1037B000100AB8EE411A02EE10CA486BB8EE422A5F
:1037C0006FF35F2081EE021A02EE100A9FED113AAC
:1037D000B8EE422A20EE030A486B30EE020AB7EE3A
:1037E000002AC0F3462030EE020A013021EE000A22
:1037F00001EE100AB8EE411A80EE010ABCEEC00AD2
:1038000010EE100A80BD00BF20BCBE4B0024744CDB
:103810000024744A00000039002804BF01207047CA
:103820002DE9F04381B040F6004740F6F0490446E8
:10383000C4F20247C4F20249F86959F8C81C227858
:1038400000F01808D00601F0030629D5B8F1080FDA
:103850001BD0B8F1180F08BF022E16D0E1693868E6
:10386000002900F0788140F480703860FDF7FEFA9E
:10387000054600BF386880050BD4FDF7F7FA401BFA
:1038800002284FF00300F5D94AE2E069002800F071
:10389000E680B869216A20F47C1040EA0140B861F2
:1038A0002078C00719D0B8F1100F12D0B8F1180F56
:1038B00008BF032E0DD065683868B5F5A02F80F2DB
:1038C0003E81002D00F0B981B5F5803F00F0C88140
:1038D000A8E16068002800F0C2802078800765D5E4
:1038E000B8F1000F21D0B8F1180F08BF012E1CD07D
:1038F000E1683868002900F07181216920F0180022
:1039000008433860386840F001003860FDF7AEFACF
:10391000054600BF3868800741D4FDF7A7FA401B71
:1039200002284FF00300F5D9FAE1E068002800F022
:103930009680B8F1000F26D13968206901F018018E
:10394000814220D0396821F0180108433860FFF720
:10395000CFFE396A49F6656201F00F01C0F6000238
:10396000515C40F2000201F01F0120FA01F140F227
:103970001C00C2F200000068C2F200021160FDF7F4
:10398000AFFA00286BD1FDF771FA05463868800759
:1039900005D4FDF76BFA401B0228F7D979E03869A6
:1039A000616920F4FE0040EA014038612078000798
:1039B00059D42078400770D42078800600F1938095
:1039C000A56A002D00F02682B8F1180F40F0E580BE
:1039D00059F8C81C59F8BC0C012D40D0E26A01F01E
:1039E000030393423BD1C1F30521226B914236D1AF
:1039F000626B01466FF35F21013A91422FD1A16BB7
:103A0000C0F3462201398A4229D1E16BC0F3064254
:103A100001398A4223D1216CC0F306600139884202
:103A20001DD159F8B80CE16CC0F3CC00884200F00D
:103A3000F18159F8C80C20F0100049F8C80CFDF7C6
:103A400015FA0546FDF712FAA842FBD0E06CC0005B
:103A500049F8B80C59F8C80C40F01000D8E1012022
:103A600001B0BDE8F083A169D9F80000002951D068
:103A700040F08060C9F80000FDF7F8F9054600BF86
:103A8000D9F80000000194D4FDF7F0F9401B02289A
:103A9000F6D9032001B0BDE8F0834FF62446CFF6F7
:103AA000FF76B859C00712D1B85940F00100B8519B
:103AB000FDF7DCF9054600BFB859C00707D1FDF78F
:103AC000D5F9401B02284FF00300F5D928E1A5687D
:103AD000D9F80000042D51DC002D00F0EF80012DFD
:103AE00000F00781DBE0616A3868002900F0888017
:103AF00040F480503860FDF7B9F905463868800415
:103B00003FF55EAFFDF7B2F9401B02284FF003000E
:103B1000F4D905E120F08060C9F80000FDF7A6F9AE
:103B2000054600BFD9F8000000017FF542AFFDF760
:103B30009DF9401B02284FF00300F3D9F0E000F09C
:103B40008780B5F5A81F6DD140F4802038603868B3
:103B500040F4801082E020F480703860FDF786F930
:103B6000054600BF386880057FF59AAEFDF77EF9FF
:103B7000401B02284FF00300F4D9D1E0052D00F0DE
:103B8000AC80852D40F08B8040F00400C9F8000027
:103B9000D9F8000040F08000A7E0386820F080707D
:103BA0003860FDF763F9022D05460BD138688001B6
:103BB00040F1C680FDF75AF9401B02284FF0030080
:103BC000F4D9ADE03868800140F11B81FDF74EF972
:103BD000401B02284FF00300F4D9A1E020F00100BF
:103BE0003860FDF743F90546386880077FF5DEAE9B
:103BF000FDF73CF9401B02284FF00300F4D98FE099
:103C000020F480503860FDF731F9054638688004AB
:103C10007FF5D6AEFDF72AF9401B02284FF00300CE
:103C2000F4D97DE020F480303860386820F48020BA
:103C30003860386820F4801014E020F48030386058
:103C4000386820F480103860386820F4802009E05B
:103C500040F480203860386820F48010386038687C
:103C600040F480303860FDF701F9002D054612D090
:103C7000386880033FF531AEFDF7F8F8401B642843
:103C80004FF00300F4D94BE0FDF7F0F8401B642837
:103C90004FF0030044D838688003F5D41DE620F0C7
:103CA0000100C9F80000D9F8000020F00400C9F8AC
:103CB0000000D9F8000020F080001CE020F0010096
:103CC000C9F80000D9F8000020F08000C9F8000011
:103CD000D9F8000020F004000DE040F00400C9F81D
:103CE0000000D9F8000020F08000C9F80000D9F8E1
:103CF000000040F00100C9F80000FDF7B7F8002D02
:103D0000054641F2883616D0D9F8000080073FF505
:103D100053AEFDF7ABF8401BB0424FF00300F3D9B0
:103D200001B0BDE8F08300BFFDF7A0F8401BB04232
:103D30004FF00300F4D8D9F800008007F4D43BE634
:103D400059F8C80C43F6037104F12C0388430ECBD9
:103D5000084340EA0220A16B49F8C80C4FF47E42A8
:103D600002EB4121E26B581E4FF4FE0389B203EBD4
:103D700002426FF35F20084402F4FE01226C4FF010
:103D8000FE4303EB0262084402F0FE41084449F896
:103D9000BC0C59F8C80C20F0100049F8C80CE06CB5
:103DA000C00049F8B80C59F8C80C40F0100049F8A8
:103DB000C80C59F8C80C616C20F00C00084349F895
:103DC000C80C59F8C80CA16C20F02000084349F831
:103DD000C80C59F8C80C40F4803049F8C80C386851
:103DE00040F080703860FDF741F804463868800183
:103DF00010D4FDF73BF8001B02284FF00300F5D963
:103E00008EE759F8C80C4FF6FC71CFF6F8710840F0
:103E100049F8C80C002001B0BDE8F08370470000ED
:103E20002DE9F0410668044630697169B76894F875
:103E300089800A050BD510F0080208D0B06940F45B
:103E400000612046B161BDE8F04100F0BFBA01EA6F
:103E5000000505F06400042807D1E16F204688477B
:103E6000A16F20468847012000E0002005F04501B1
:103E7000012903D1A16F20468847012005F02601C2
:103E8000022903D1E16F20468847012008B1BDE82F
:103E9000F081280754D415F4587FF8D0680600F153
:103EA000A480A80500F1AF80E80500F1BA80A8065B
:103EB0000AD52068D4F88C1041F08001C4F88C1029
:103EC000816941F020018161D4F88C000028DED0A6
:103ED000206840F26B32016821F001010160016944
:103EE000914307F44042B2F5404F016140F0A88091
:103EF000816845F2797521F440418160D4F88400ED
:103F0000C0F6000548B1C566FCF76CFE28B1D4F8D0
:103F10008C0040F04000C4F88C00D4F880000028E9
:103F2000B5D0C566FCF75EFE002808BFBDE8F0818D
:103F3000D4F88C0040F04000C4F88C00BDE8F0815B
:103F40002068816941F008018161816941F01001B7
:103F50008161816941F400618161016921F0080199
:103F60000161806810F4404F19D0204601F0A2FB97
:103F7000012084F88900D4F88C0038B32046BDE8CD
:103F8000F041FFF74BBF00BF2068E16E006B41F8C6
:103F9000040BE166B4F872000138A4F87200B4F8BA
:103FA00072000028E1D0E0681028EDD2082804D380
:103FB000308EE16E21F8020BEBE7206890F83000BC
:103FC000E16E0870E06E0130E066E3E7B8F1030FE0
:103FD00043D0B8F1040F3BD0B8F1050F7FF457AFD1
:103FE0002046BDE8F04100F077BD2068D4F88C1081
:103FF00041F00401C4F88C10816941F040018161F5
:10400000A8057FF551AF2068D4F88C1041F001016C
:10401000C4F88C10816941F400718161E8057FF575
:1040200046AF2068D4F88C1041F00801C4F88C1019
:10403000816941F480718161A8063FF53AAF43E799
:104040000121204684F88910BDE8F041FFF7E6BE63
:104050002046BDE8F04100F0B7B92046BDE8F04188
:1040600000F038BD002804BF012070472DE9F04161
:10407000016844F6004441F08053C5F20104002277
:10408000A342826202D1C2680F2A45D8C268C36BBC
:10409000012404EB53130832D20802FB03F244F666
:1040A0000043C4F2010399420DD043F60043C5F228
:1040B000000303F58833994207D1082A84BF012001
:1040C000BDE8F08101E0082A26D842F6FF73C4F269
:1040D0000103994212DD43F20003C4F20103994245
:1040E00018D043F60003C5F20003994212D043F200
:1040F0000003C5F2010399420CD010E043F600031F
:10410000C4F20003994205D043F60043C4F2000311
:10411000994204D1102A0DD90120BDE8F08143F65F
:104120000043C5F20003994204D1102A84BF012044
:10413000BDE8F08190F8891031B9002180F888102D
:10414000044600F079F82046022180F889100168C1
:10415000D0F818E00A68BEF1806F22F001020A6010
:104160008B680FD144682CB1B4F5800F0AD1826BF3
:1041700022B13CB9826BB2F1805F03D10A6842F48C
:1041800080520A60D0F8048003F4F8135FEA482CE8
:1041900008D5C268072A05D30A68056D22F4807223
:1041A0002A4302E00A6822F480720A60C269856AC2
:1041B000C66B1A432A43324300F10807E8CF2A436B
:1041C0008A60D0E90D24456ABCF1000F42EA05027D
:1041D00042EA0402D0E9125442EA0602066A42EABE
:1041E000070242EA060242EA040242EA0302836D3F
:1041F00042EA0502C46D42EA0302036E42EA040287
:1042000042EA030242EA0E0242EA0802CA600A6D6A
:1042100022F001020A6505D5CA68436D22F000420A
:104220001A43CA600021C0F88C10012180F889105F
:104230000020BDE8F08100002DE9F041BCB004464B
:10424000002502A8D0213B95CDE93955CDE9375558
:10425000FCF704FB206843F60041C4F200018842E9
:1042600054D043F60001C4F20001884240F0A98016
:104270004FF080500026029002A803962E96FEF77B
:10428000DDFB002818BFFCF7A9FC40F68C40C4F207
:104290000240016940F2004441F48041016101693A
:1042A000C4F2022401F4804101910199016837AD03
:1042B00041F00401016001684FF0060801F00401BB
:1042C000019101990168022741F002010160006833
:1042D000294600F002000190019805203B9004F56A
:1042E0008060CDF8DC80CDE938763A96FCF7E2FCC8
:1042F0000420CDE9370720462946CDE93966CDF8B7
:10430000EC80FCF7D7FC3CB0BDE8F0814FF00050EA
:10431000029002A803952F95FEF790FB002818BF86
:10432000FCF75CFC40F68C40C4F20240016940F2AC
:10433000004441F4004101610169C4F2022401F426
:10434000004101910199016837AD41F0020101601E
:104350000168022601F0020101910199016800271C
:1043600041F0040101600068294600F0040001905A
:1043700001980120379005203B9020463896CDE9E2
:104380003977FCF797FC04203B9020462946CDE97D
:104390003766CDE93977FCF78DFC4FF4805037A9AB
:1043A000C1C106203B9004F5806029463A97FCF78E
:1043B00081FC392000210022FCF7ECFD3920FCF7BC
:1043C000D7FD3CB0BDE8F0817047000070470000A9
:1043D0002DE9F047D0F800901D46174604460E46DA
:1043E000FCF744FD94F8891001290CD18046002E79
:1043F0004FF0010018BF002F01D1BDE8F08794F8FD
:104400008800012802D10220BDE8F08701200321A5
:10441000002284F8880084F88910C4F88C2066662D
:10442000A4F86870A4F86A70E266A4F87020A4F892
:104430007220A168A267B1F5C02F2168E26704D19C
:10444000086840F40060086003E0CA6860F3524204
:10445000CA60D4E900014FF6FF7342689A433A44B8
:1044600042600268B1F5800F42F00102026003D1A0
:10447000016841F400710160E16810295DD343F2E5
:10448000FF72C5F20002904210DC43F60002C4F253
:10449000000290421CD043F60042C4F20002904257
:1044A00016D043F20002C4F201020FE043F600020C
:1044B000C5F2000290420BD043F20002C5F20102A5
:1044C000904205D043F60042C5F20002904234D13A
:1044D000B4F86A00002800F0A8806E1C0FE000BF4E
:1044E000616E51F8042B02626166B4F86A0001380B
:1044F000A4F86A00B4F86A00002800F096802068EA
:1045000041698907ECD4FCF7B1FC002EF2D0A0EB96
:104510000800A842EED3204601F0CCF8D4F88C0075
:1045200040F48070C4F88C00012084F889000020D9
:1045300084F888000320BDE8F087B4F86A000729F2
:1045400031D9002871D04FF6FE706E1C471C0FE069
:10455000616E31F8020BA9F8200038466166B4F8A4
:104560006A100844A4F86A00B4F86A0000285CD015
:1045700020684169890708D4FCF778FC002EF3D045
:10458000A0EB0800A842EFD3C5E7B4F86A100229EF
:10459000DED3E16B0029DBD0616E51F8042B02629F
:1045A0004FF6FE70DAE700283FD04FF6FE706E1C23
:1045B000A0F1020A471C0FE0616E097880F8201014
:1045C000606E411C38466166B4F86A100844A4F86D
:1045D0006A00B4F86A0040B320684169890708D4CA
:1045E000FCF744FC002EF4D0A0EB0800A842F0D366
:1045F00091E7B4F86A10042908D3E16B412905D387
:10460000616E51F8042B02625046DCE7B4F86A1080
:104610000229D1D3E16B0029CED0616E31F8020BB3
:10462000A9F820004FF6FE70CDE76E1C20684069A7
:1046300007070FD4FCF71AFC002EF7D0A0EB0800F8
:10464000A842F3D3002F05D4D4F88C0040F020000A
:10465000C4F88C00204601F02DF8012084F8890070
:10466000002084F88800D4F88C00002818BF0120AE
:10467000BDE8F0872DE9F04F81B0D0F800A0D0F868
:104680003CB01E46174604460D46FCF7EFFB94F877
:10469000891001290ED180464FF001001DB1002F75
:1046A00018BF002E02D101B0BDE8F08F94F8880049
:1046B000012803D1022001B0BDE8F08F012084F869
:1046C00088000520002184F88900C4F88C10E76672
:1046D000A4F87260A4F870606566A4F86A60206847
:1046E000A4F86860A167E167C16843F2FF72C5F290
:1046F0000002B14621F4C02190424FF01007C16082
:1047000010DC43F60001C4F2000188421DD043F6DC
:104710000041C4F20001884217D043F20001C4F204
:1047200001010FE043F60001C5F2000188420CD000
:1047300043F60041C5F20001884206D043F2000171
:10474000C5F20101884218BF082741684FF6FF7380
:10475000994349444160016841F001010160616889
:10476000B1F5800F4FF0010103D1036843F40073EA
:104770000360E36801EB5B11102B7CD3904210DCEB
:1047800043F60002C4F2000290421CD043F60042FD
:10479000C4F20002904216D043F20002C4F20102B9
:1047A0000FE043F60002C5F2000290420BD043F244
:1047B0000002C5F20102904205D043F60042C5F264
:1047C0000002904257D1002E18BF012600F05A81F6
:1047D0001FFA81FB0A99BF08012001F1010A4D4629
:1047E0001AE000BF096BE06E01600430E066B4F8C7
:1047F00072000138A4F87200B4F87290AEB21FFAD9
:1048000089F0002E18BF012645EA0901002818BFCB
:104810000120090400F0368121681FFA89F24B69F2
:10482000F60718BF13F002030FD017FA85F393426F
:104830000BD9636E53F8046B0E626366B4F86A308A
:10484000013BA4F86A30B4F86A504B69C007D5D070
:104850004869C007C6D15A4502D213F40040C1D1FD
:10486000FCF704FBBAF1000FC8D00A99A0EB0800CE
:104870008842C3D3F3E0072B72D9002E18BF01265C
:1048800000F000811FFA81FC0A994FF6FF727F0841
:1048900001200131551ECB4600911DE0BAF83010C1
:1048A000E06E20F8021B4FF6FF71E066B4F872006C
:1048B0000844A4F87200B4F872901FFA8BF61FFA3D
:1048C00089F0002E18BF01264BEA0901002818BF05
:1048D0000120090400F0D68022681FFA89F153698B
:1048E000F60718BF13F0020310D017FA8BF38B42B0
:1048F0000CD9636E33F8026BAAF820606366B4F8D3
:104900006A30013BA4F86A30B4F86AB05369C00752
:10491000D3D05069C007C1D161450ED213F4004015
:104920000BD0BAF83000E16E0880BAF8300021F8F8
:10493000020FE166881C2946B7E7012902D113F46A
:104940000050ABD16646FCF791FA009931B10A9953
:10495000A0EB08008842B446AFD380E0B446ACE791
:10496000002E18BF012600F08D801FFA81FA0A99E7
:104970004FF6FF7201200131D51ECB4600911DE09C
:1049800092F83000E16E08704FF6FF70E16E013171
:10499000E166B4F872100844A4F87200B4F872909A
:1049A0001FFA8BF61FFA89F0002E18BF01264BEA7A
:1049B0000901002818BF0120090463D022681FFAEA
:1049C00089F15369F60718BF13F0020311D017FAE3
:1049D0008BF38B420DD9636E1B7882F82030626EA8
:1049E00001326266B4F86A20013AA4F86A20B4F889
:1049F0006AB02268C0075369D2D05069C007BFD1DE
:104A000051451DD213F400401AD092F83000E16EE7
:104A10000870E06E2168421CE26691F83010417027
:104A2000E06E2168421CE26691F830104170E06E41
:104A30002168421CE26691F8301041702846A5E7D3
:104A4000032902D813F4C0409AD1FCF70FFA009959
:104A50000029A5D00A99A0EB08008842A0D32046DF
:104A600000F028FED4F88C0040F48070C4F88C006C
:104A7000012084F88900002084F88800032001B018
:104A8000BDE8F08F0A9F7D1C2068406906070FD49F
:104A9000FCF7ECF9002DF7D0A0EB0800B842F3D3F7
:104AA000002E05D4D4F88C0040F02000C4F88C000F
:104AB000204600F0FFFD012084F88900002084F8E2
:104AC0008800D4F88C00002818BF012001B0BDE890
:104AD000F08F00007047000070470000042888BF76
:104AE0007047DFE800F0031A13332B004EF210007A
:104AF000CEF20000016821F00401016040F6E440BC
:104B0000C4F20240016821F00C011EE04EF21000D8
:104B1000CEF200000168022205E04EF21000CEF253
:104B200000000168012221F00401016040F6E44028
:104B3000C4F20240016862F3830106E04EF2100005
:104B4000CEF20000016841F00401016070470000EE
:104B5000411E0020B0EB116F1CBF012070474EF2C8
:104B60001002CEF2000251609060116841F0030122
:104B7000116070474EF21000CEF20000006840074E
:104B800044BF0420704740F6E440C4F2024000688D
:104B900000F00C01081FB0FA80F04009082908BF96
:104BA0000220704790F88410012904BF022070474A
:104BB0002421C0F8881001680A680B6822F00052AE
:104BC00023F001030B60002343660A602021C0F834
:104BD000881080F8843000207047000090F884200E
:104BE000012A04BF02207047B0B50123242280F8B7
:104BF0008430C0F888200268D0F864E0D2F800C0A1
:104C00001468BEF1000F24F001041460946824F0CD
:104C1000606441EA040191601BD09168936849F691
:104C2000BC6E5B0FC0F6000E49F6C4651EF803406B
:104C3000C0F60005EB5CE400B4FBF3F3C1F34261A2
:104C4000A0F86A301EF80130695CDB00B3FBF1F3B9
:104C500001E0A0F86A302021A0F86830C2F800C056
:104C6000C0F88810002180F884100020B0BD00003A
:104C700090F88420012A04BF02207047B0B50123B8
:104C8000242280F88430C0F888200268D0F864E0DC
:104C9000D2F800C01468BEF1000F24F001041460C3
:104CA000946824F0604441EA040191601BD091684B
:104CB000936849F6BC6E5B0FC0F6000E49F6C465FA
:104CC0001EF80340C0F60005EB5CE400B4FBF3F310
:104CD000C1F34261A0F86A301EF80130695CDB0064
:104CE000B3FBF1F301E0A0F86A302021A0F86830AE
:104CF000C2F800C0C0F88810002180F8841000209D
:104D0000B0BD000010B5D8B10446D0F8880028B96D
:104D1000002084F88400204600F026F82420C4F8FF
:104D200088002068A16A0268002922F0010202605E
:104D30001CBF204600F09AFE204600F06BFF08B131
:104D4000012010BD2168486820F4904048608868C0
:104D500020F02A008860086840F0010220460A60BE
:104D6000BDE8104000F0F6BEB0B5BCB0044600256A
:104D700002A8D0213B95CDE93955CDE93755FBF750
:104D80006DFD206844F20041C4F20001884201D068
:104D90003CB0B0BD022402A8039502941A95FDF719
:104DA0004DFE002818BFFBF719FF40F68C40C4F2F7
:104DB0000240016941F400310161016901F40031EF
:104DC00001910199016841F001010160006837A972
:104DD00000F00100019001980C20CDE9370400207B
:104DE000CDE9390007203B900020C4F20220FBF7F8
:104DF00061FF3CB0B0BD00002DE9F04381B0044636
:104E0000D0F8880020281EBF022001B0BDE8F08342
:104E1000884600294FF0010018BF002A02D101B0D6
:104E2000BDE8F08320681D4681681646090603D553
:104E3000816821F0800181600020C4F89000212069
:104E4000C4F88800FCF712F8A4F85460A4F856607F
:104E5000A1680746B1F5805F02D12069002852D0D1
:104E6000C1464FF00008B4F8560060B36E1C0FE066
:104E7000B9F1000F1ED019F8010B21688862B4F84F
:104E800056000138A4F85600B4F85600D8B100BF57
:104E90002068C0690006EBD4002EF9D0FBF7E6FFCE
:104EA00001464FF0030045B3C91BA94225D820682D
:104EB0000068EDE738F8020B21686FF35F20886225
:104EC0004FF00009DBE72068C069400614D46E1C6F
:104ED00004E000BF2068C06940060DD4002EF9D060
:104EE000FBF7C4FF01464FF0030035B1C91BA942CF
:104EF00003D820680068EDE700202021C4F888105E
:104F000001B0BDE8F0834FF00009ACE7FEE7000018
:104F10002DE9F04FB3B06420FBF778FE1AAC4127BF
:104F2000A8A22046642140230097FBF79DFA204663
:104F3000FBF70EFC40F2E07582B2C2F20005284693
:104F400021466423FFF758FFAAA128462E22642396
:104F5000FFF752FF0A20082100F0D2F90A20FBF7E0
:104F600055FE0A2000F074F90646AEA220466421E0
:104F70003346FBF779FA2046FBF7EAFB82B2284674
:104F800021466423FFF738FF701CC0B2012812D8F5
:104F900040F2E0704AF23061C2F20000C0F6000157
:104FA00023226423FFF728FF0A20002100F0A8F93C
:104FB0000A20FBF72BFE40F2E074C2F200044AF232
:104FC0005471C0F60001204623226423FFF714FF2A
:104FD0000020002100F094F94AF23171C0F600017E
:104FE000204622226423FFF707FF01200F2100F053
:104FF00087F94AF26F61C0F600012046212264233E
:10500000FFF7FAFE0D200F2100F07AF94AF29161C4
:10501000C0F6000120461F226423FFF7EDFE122098
:10502000FF2100F06DF94AF69001C0F6000120461C
:1050300020226423FFF7E0FE0A2000F009F906466B
:10504000002000F005F90546012000F001F9834633
:105050000D2000F0FDF88146122000F0F9F882469C
:10506000132000F0F5F801AF4AF2252280463846B9
:10507000C0F6000264213346FBF7F6F93846FBF729
:1050800067FB82B2204639466423FFF7B5FE4AF239
:10509000F5323846C0F6000264212B46FBF7E4F9EE
:1050A0003846FBF755FB82B2204639466423FFF7AA
:1050B000A3FE4AF245223846C0F6000264215B4650
:1050C000FBF7D2F93846FBF743FB82B2204639465C
:1050D0006423FFF791FE4AF28E323846C0F6000292
:1050E00064214B46FBF7C0F93846FBF731FB82B22F
:1050F000204639466423FFF77FFE4AF2D72238461E
:10510000C0F6000264215346FBF7AEF93846FBF7C0
:105110001FFB82B2204639466423FFF76DFE4AF238
:10512000BC323846C0F6000264214346FBF79CF9C6
:105130003846FBF70DFB82B2204639466423FFF761
:105140005BFEFF2D08BFBBF1FF0F13D02DB9BBF1E4
:10515000000F08BFB9F1000F1CD040F2E070C2F29E
:105160000000B8F10F0F0FD14AF28651C0F60001CE
:10517000352218E040F2E0704AF2CA41C2F2000063
:10518000C0F600013D220EE04AF24451C0F6000193
:10519000412208E040F2E0704AF20851C2F20000F9
:1051A000C0F600013B226423FFF726FE40F2E070C8
:1051B000C2F2000025A102226423FFF71DFE33B0D6
:1051C000BDE8F08F20205573696E67206F70636FA4
:1051D0006465733A2057524954453D307825303242
:1051E000582C20524541443D3078253032580D0A24
:1051F000000000002020436F6E6669677572696E5B
:105200006720494F434F4E2028747279696E67209A
:105210004841454E3D31206669727374292E2E2E09
:105220000D0A00002020494F434F4E2072656164F3
:105230006261636B3A2030782530325820287772CB
:105240006F74652030783038290D0A000D0A00008F
:10525000B0B584B040F600044121C4F202248DF8B8
:105260000D108DF80E00002520464FF4007100222D
:105270008DF80F508DF80C50ADF80A50FBF7F0FD8B
:1052800001950198092805DC0198013001900198E9
:105290000A28F9DB40F2507032250DF10D01C2F2FF
:1052A00000000DF10A0203230095FFF7E3F940B176
:1052B00020464FF400710122FBF7D2FDFF2004B01D
:1052C000B0BD002501950198092805DC0198013041
:1052D000019001980A28F9DB20464FF40071012261
:1052E000FBF7BEFD01950198092805DC0198013006
:1052F000019001980A28F9DB9DF80C0004B0B0BDBC
:10530000B0B584B040F600044022C4F202248DF807
:105310000D208DF80E008DF80F1020464FF400710F
:1053200000220025FBF79CFD02950298092805DC68
:1053300002980130029002980A28F9DB40F250707E
:10534000C2F200000DF10D0103223223FFF740F8F5
:1053500038B120464FF400710122FBF781FD04B003
:10536000B0BD002501950198092805DC01980130A0
:10537000019001980A28F9DB20464FF400710122C0
:10538000FBF76EFD00950098092805DC00980130B8
:10539000009000980A28F9DB04B0B0BDFEE70000D9
:1053A000FEE70000704700002DE9F04F91B040F299
:1053B000EC20C2F2000040F2E07B00F108044FF064
:1053C00000084FF03C090DF10F05C2F2000B00265A
:1053D0000AE000BF029C01363034042E09F10409B2
:1053E00004BF11B0BDE8F08F4FF0000A029411E045
:1053F0004AF237315846C0F6000115226423FFF700
:10540000FBFC84F800800AF1010ABAF1040F04F1F0
:105410000C04DFD020780028F5D014F8080C09EB34
:105420000A0758B190208DF841007F208DF8430085
:105430002846322113A28DF8427009E080208DF8B1
:1054400041008DF842708DF843802846322116A223
:105450003346CDE900A7FBF707F82846FBF778F9B4
:1054600082B2584629466423FFF7C6FC03F06CFE5F
:105470000028BDD0002000210DF14102032303F0DC
:105480008FFDBEE742544E5B25642C25645D2050A1
:10549000524553534544202D3E204E6F7465204F96
:1054A0004E2025640D0A000042544E5B25642C25D5
:1054B000645D2052454C4541534544202D3E204ECD
:1054C0006F7465204F46462025640D0A00000000D9
:1054D00070B540F62C46C4F2024656F82C1C044621
:1054E00021F0806046F82C0CFBF7C0FC054600BF9D
:1054F00056F82C0C000105D5FBF7B8FC401B022820
:10550000F6D958E0306843F60371884394E80E00FA
:10551000084340EA0220E16830604FF47E4202EB2B
:1055200041212269581E4FF4FE0389B203EB024267
:105530006FF35F20084402F4FE0162694FF0FE43FE
:1055400003EB0262084402F0FE4108443061306817
:10555000A16920F00C00084330603068E16920F058
:10556000200008433060606A31680843306030686A
:105570004FF6F87120F0100030607069226A88439D
:1055800040EAC2007061306840F01000306056F8A8
:105590002C0C40F0806046F82C0CFBF767FC0446AE
:1055A00056F82C0C000144BF002070BDFBF75EFCD8
:1055B000001B0328F4D3032070BD000070B540F633
:1055C0003046C4F2024656F8301C044621F08050A2
:1055D00046F8300CFBF74AFC054600BF56F8300C85
:1055E000800005D5FBF742FC401B0228F6D958E0A5
:1055F000306843F60371884394E80E00084340EA9C
:105600000220E16830604FF47E4202EB41212269C2
:10561000581E4FF4FE0389B203EB02426FF35F2082
:10562000084402F4FE0162694FF0FE4303EB02629C
:10563000084402F0FE41084470613068A16920F01E
:105640000C00084330603068E16920F02000084316
:105650003060606A31680843306030684FF6F87136
:1056600020F010003060B069226A884340EAC2002E
:10567000B061306840F01000306056F8300C40F0F7
:10568000805046F8300CFBF7F1FB044656F8300C1E
:10569000800044BF002070BDFBF7E8FB001B03281F
:1056A000F4D3032070BD000040F25070C2F200003D
:1056B000FEF7B6BB016840F26F32D1F814C08B69B7
:1056C00043F008038B618B6943F010038B610B6817
:1056D00023F001030B600B6923EA02020A618A6866
:1056E00022F440428A6090F88920042A18BF1CF0F6
:1056F000200209D0D0F88C2042F08002C0F88C2023
:105700008A6942F020028A6190F88920032A18BF32
:105710001CF0400215D15FEA8C521FD45FEACC52D4
:1057200009D5D0F88C2042F00802C0F88C208A6994
:1057300042F480728A610021A0F86A10A0F8721009
:105740007047D0F88C2042F00402C0F88C208A699F
:1057500042F040028A615FEA8C52DFD5D0F88C209B
:1057600042F00102C0F88C208A6942F400728A611A
:105770005FEACC52D5D4DEE7C06D0021A0F87210EC
:10578000A0F86A10012180F88910FEF747BB0000DD
:10579000704700002DE9F04F97B0FBF767FB40F230
:1057A0008401C2F200010A680446801A0528C0F08C
:1057B0007F8040F28005C2F2000528680C60A4EBEF
:1057C000000B41F28830834509D940F2E070C2F203
:1057D000000039A11D226423FFF70EFB2C6040F26C
:1057E000EC20C2F2000000F1040A4FF001094FF072
:1057F000000806E008F10108B8F1040F0AF10C0AEC
:1058000052D009FA08F0C043C7B212203946FFF758
:1058100077FD002003900398632805DC039801308E
:10582000039003986428F9DB1320FFF711FD41F280
:1058300089318B45054617D3B8F1000F14D103AE5B
:105840003046502124A20023CDE90075FAF70CFE62
:105850003046FAF77DFF82B240F2E070C2F20000FB
:1058600031466423FFF7C8FA0027564605E000BF1B
:105870000137042F06F13006BCD025FA07F016F8E0
:10588000041C29EA00008142F2D03268A21A152ACB
:10589000EED306F8040C002006F8031C346086F8EA
:1058A0000490FBF72BF9E3E71220FF21FFF728FD17
:1058B00017B0BDE8F08F00BF0D0A2D2D2D204D61D2
:1058C00074726978205363616E2044656275672045
:1058D0002D2D2D0D0A000000436F6C2025643A2009
:1058E00057726974653D3078253032582C205265E6
:1058F0006164204750494F423D3078253032580D81
:105900000A000000FBF7B8BA10B59CB040F61004CE
:1059100008A85021C4F20244FAF7A0FF0020CDE904
:105920000600CDE90400CDE90200206820F0300037
:105930002060206800F03000019001986068000746
:10594000FCD5402232200D924FF480520890012065
:1059500011924FF480720DF1500C0B900F92202297
:1059600002238CE80D0003200821CDE91703002451
:1059700008A80C911092CDE912331991CDE91A447F
:10598000FDF74AFF08B172B6FEE71F20CDE9020419
:1059900002A80121CDE90444CDE90644FDF7F6FC57
:1059A00008B172B6FEE742F20000C4F202000168DC
:1059B00021F0300101601CB010BD00004EF6885C83
:1059C000CEF2000CDCF80010012241F47001CCF89A
:1059D000001040F60041C4F202410A600022CA6190
:1059E0000A620B684EF6E320CEF6E220184008600B
:1059F00040F28020C0F201108A62CA620A634863E2
:105A00008A63C8630A6448648A64086820F4802052
:105A100008600A654FF0006042F21C01C4F2020106
:105A20004CF8800C51F8040C420F062A05D800F0FF
:105A30006040B0F1404F18BF70470868C0070BD0F6
:105A400042F63B20C0F6190041F8100C46F67F6084
:105A5000C4F65D4041F8100C086840F00200086090
:105A6000086840F00100086070470000816A0A077A
:105A70000CD4CA0715D18A071ED44A0727D4CA06F0
:105A800030D48A0639D44A0642D457E00268D0F8A6
:105A900038C0536823F4004343EA0C035360CA0739
:105AA000E9D00268D0F82CC0536823F4003343EAED
:105AB0000C0353608A07E0D50268D0F830C0536801
:105AC00023F4803343EA0C0353604A07D7D50268B6
:105AD000D0F834C0536823F4802343EA0C035360A6
:105AE000CA06CED50268D0F83CC0936823F4805330
:105AF00043EA0C0393608A06C5D50268D0F840C01B
:105B0000936823F4005343EA0C0393604A0615D5C7
:105B1000D0F800C0436CDCF80420B3F5801F22F4F9
:105B2000801242EA0302CCF8042007D1DCF80420FA
:105B3000836C22F4C0021A43CCF80420090658BF33
:105B400070470168C06C4A6822F400221043486024
:105B500070470000B0B582B004460020C4F8900041
:105B6000FBF784F921680546096809071AD56FF023
:105B70007E4C20464FF4001100222B46CDF800C089
:105B800000F04AF970B100BF206850E8000F2168AA
:105B900020F0800041E80002002AF5D103202021F6
:105BA000882230E020680068400723D56FF07E4CE3
:105BB00020464FF4800100222B46CDF800C000F0B3
:105BC0002BF9B8B1206850E8000F216820F49070DC
:105BD00041E80002002AF5D1206850E8020F216850
:105BE00020F0010041E80202002AF5D10320202123
:105BF0008C2208E02020C4F88800C4F88C00002122
:105C000070220020E166A150002184F8841002B0C7
:105C1000B0BD000070B504462269D4E902130068E3
:105C200011436269E5690668114346F6F312CCF642
:105C3000FF723240114329430160416842F2004C37
:105C400021F4405119434160A36940F08051C5F2ED
:105C5000004C61451CBF266A334386684FF2FF4201
:105C6000C1F2FF1232401A438260C26A636A22F0B4
:105C70000F021A4344F6FF73C4F200039842C26253
:105C800016DD43F2FF72C4F20102904227DC45F2B6
:105C90000002C4F20002904200F0AF8046F20042DF
:105CA000C4F20002904260D1202061452CD05FE018
:105CB00044F20042C4F20002904222D044F60002B4
:105CC000C4F20002904200F0A28044F60042C4F206
:105CD0000002904249D10820614515D048E043F6C2
:105CE0000002C4F20102904200F08C8042F20042B5
:105CF000C4F20042904238D14FF48050614503D045
:105D000036E00220614533D100210025FCF774F90B
:105D100000286AD0616A49F67E62C0F6000232F855
:105D200011206668B0FBF2F106EB460301259942AB
:105D30005BD33303994258D800210023FAF71CFBA8
:105D4000090241EA1061000210EB560041F1000126
:105D500032460023FAF710FB4FF60052A0F54071CF
:105D6000C0F20F0291423BD33EE000206145CBD010
:105D70000021FCF741F9B5F5004F1CD190B3616AE1
:105D800049F67E62C0F6000232F811106268B0FB7C
:105D9000F1F0510801EB4000B0FBF2F04FF6EF726A
:105DA000A0F1100191421FD84FF6F071C0F34202EA
:105DB0000840104414E0A8B1616A49F67E62C0F65A
:105DC000000232F811106268B0FBF1F000EB5200F3
:105DD000B0FBF2F04FF6EF72A0F11001914203D840
:105DE0002168C860002500E001254FF00110A06681
:105DF000002128466167A16770BD102061453FF40E
:105E000083AFB5E7012061453FF47EAFB0E70420E2
:105E100061453FF479AFABE72DE9F04381B004462B
:105E20000068C0690840401AB0FA80F0400990420A
:105E300057D1DDF8208015460E46994608F1010736
:105E400009E000BF2068C0693040801BB0FA80F0D4
:105E50004009A84245D1002FF4D0FBF707F80146CE
:105E6000B8F1000F4FF003003CD0A1EB0901414510
:105E700038D8206801684907E4D5402E18BF802E25
:105E8000E0D0C169090730D4C1690905DAD54FF4FA
:105E900000610162206850E8000F216820F49070D2
:105EA00041E80002002AF5D14FF6FE70CEF6FF70F1
:105EB000216851E8021F2268014042E80213002BCA
:105EC000F6D1E06E012809D1206850E8000F216862
:105ED00020F0100041E80002002AF5D10320202123
:105EE0002CE0002001B0BDE8F0830821016200BF72
:105EF000206850E8000F216820F4907041E800020B
:105F0000002AF5D14FF6FE70CEF6FF70216851E8F9
:105F1000021F2268014042E80213002BF6D1E06E16
:105F2000012809D1206850E8000F216820F01000F6
:105F300041E80002002AF5D1012008212022C4F8FE
:105F40008C200022E2666267C4F8901084F88420F6
:105F500001B0BDE8F0830000002804BF01207047B5
:105F6000016C21F000410164016C41F00101016408
:105F7000002141640020704780B5002000F00EFF32
:105F800040F2DC30C2F20000BDE88040FBF756B8BA
:105F90000146806D20F4004200208A6570470000B1
:105FA000014601200864086C002220F0010008640A
:105FB000086C20F00040086400204A64704700002C
:105FC0000146006C4BF6807220EA020200200A644F
:105FD000704700002DE9F0474A78012A57D1D1F8DF
:105FE00018A00C690A7BA24528BFA246002A7CD0D3
:105FF000CB780A6A022B40F0D38091F800E040F69B
:106000003F7CC0F2FF7C50F82E30ACF59875A24270
:1060100003EA050440F2158148F28012224340F859
:106020002E200A6A46F20048A2EB0A020A62032204
:1060300012FA8AF350F82E409F081AF003024FF02C
:10604000FF3518BF05EB930763064FEA0A44C4F215
:10605000010800F1538158F83E30002F9BB248F8F8
:106060003E3058F83E3043EA040348F83E300B898E
:10607000D1F8149003EB080600F05C817C424F4697
:1060800057F8043B013446F8043BF9D353E10A7B4B
:10609000002A64D0CA78012A00F0C680022A1CBFF8
:1060A0000120BDE8F087CB6940F63F7242F6D07719
:1060B000C0F2FF72002B02EB070C00F0BF800B78E0
:1060C00044F2400650F823703740B74218BF002F03
:1060D00040F0B48050F82370A2F13006374048F207
:1060E000C006374340F8237055E0032212FA8AF7BE
:1060F0004E69BA081AF003044FF0FF3518BF05EBDC
:106100009702CF8846F2004CC4F2010C07EB0C0555
:1061100032B1524256F8047B013245F8047BF9D380
:1061200064B1771E0026002217F8013F013CB340FE
:106130001A43230406F10806F6D12A600A785CF8AF
:1061400032309BB24CF832305CF8323043EA0A43CA
:106150004CF8323040F63F7CC0F2FF7C82E18A6925
:106160001AB9CA78002A00F0E28048F280030F785A
:1061700040F63F72C0F2FF7250F82760A2F59875A2
:106180002E40334340F827300B698F699F428CBF04
:10619000FB1A00238B6142F6D07302EB030C4DE037
:1061A000A2EB0A020A620F78032212FA8AF350F86D
:1061B00027409E081AF003024FF0FF3518BF05EB89
:1061C000930646F20045630640F63F7CC4F20105A3
:1061D000C0F2FF7C4FEA0A436CD455F83740A4B2B2
:1061E00045F8374055F8374043EA040345F837305F
:1061F0000B894F692B443EB1764200BF57F8045BD0
:10620000013643F8045BF9D3002A00F02B81013FEB
:106210000026002517F8014F013AB4402543140425
:1062200006F10806F6D11CE1002240F63F738A61B0
:1062300042F6D072C0F2FF7303EB020C4BF2800205
:1062400012E148F28003234340F82E3046F2004327
:10625000C4F2010353F83E400327A4B217FA82F7B1
:1062600043F83E4053F83E40BE0844EA024412F070
:10627000030243F83E400D894FF0FF3418BF04EB92
:1062800097064F692B442EB157F8045B013E43F843
:10629000045BF9D1002A00F0E580013F00260025CB
:1062A00017F8014F013AB4402543140406F10806DB
:1062B000F6D1D6E005EBC7077C68A4B27C607C68A9
:1062C00043EA04037B604B894F692B4436B1764225
:1062D00057F8045B013643F8045BF9D3002A00F059
:1062E000C180013F0026002517F8014F013AB44054
:1062F0002543140406F10806F6D1B2E008EBCE03FC
:10630000002F5D68ADB25D605D6844EA05045C60C5
:106310004B89D1F8149003EB080657D07C424F46C6
:1063200057F8043B013446F8043BF9D34FE048F2F8
:1063300080131CE74F466AB1013F0024002500BFCF
:1063400017F8013F013AA3401D43130404F1080468
:10635000F6D135600A690B6A09EB0A0500249342FD
:1063600008EBCE024D6188BFA3EB0A040C625768AC
:106370004FF00306BFB25760576888BF534616FAFE
:1063800083F647EA03475760B70813F003024FF05C
:10639000FF3318BF03EB96074B89434437B100BF67
:1063A00055F8046B013F43F8046BF9D1002A59D02A
:1063B0006F1E0026002500BF17F8014F013AB440B8
:1063C0002543140406F10806F6D14AE04F466AB1A7
:1063D000013F0024002500BF17F8013F013AA34008
:1063E0001D43130404F10804F6D135600A690B6AF1
:1063F00009EB0A0500244D61934288BFA3EB0A0410
:106400000C6258F83E204FF0030492B248F83E2048
:1064100058F83E2088BF534614FA83F442EA0342F8
:10642000A70848F83E2013F003024FF0FF3318BFCF
:1064300003EB94070B89434437B100BF55F8046B55
:10644000013F43F8046BF9D162B16F1E00260025AD
:1064500017F8014F013AB4402543140406F1080629
:10646000F6D11D6048F2B002097850F8213003EAF5
:106470000C035A4040F821200020BDE8F0870000BE
:10648000406C704780B503F1030C4FEA9C0013F099
:10649000030E02F180424FF0FF3318BF03EB9C0064
:1064A00002F5B23250B10439043A00BF52F8043F49
:1064B000013841F8043FF9D104310432BEF1000F34
:1064C00008BF80BD10680139002200BF20FA02F326
:1064D00001F8013FAEF1010E5FEA0E4302F108023E
:1064E000F4D180BD012907D000291CBF01207047CD
:1064F000016C21F0004102E0016C41F000410164B7
:1065000000207047002904BF8021C164002070472B
:1065100080B503F1030C4FEA9C0013F0030E02F167
:1065200080424FF0FF3318BF03EB9C0002F5B23CF2
:1065300058B10439ACF1040251F8043F013842F873
:10654000043FF9D1043102F1040CBEF1000F08BF81
:1065500080BD481E0021002210F8013FAEF1010E5F
:106560008B401A435FEA0E4301F10801F4D1CCF8E5
:10657000002080BDFEE7000080B5531C02F11F0C17
:106580004FEA530EC0003E2A88BF4FEA5C1E5FFAF6
:106590008EFC4FF0FF3388BF53FA8EFC00EB810076
:1065A00046F200414FEA8C23C4F201014FF4004E41
:1065B0003E2A88BF4EEA8C2342581B0492B208BF81
:1065C0004FF000431A44425080BD00002DE9F04FC7
:1065D00081B040F28C0BC2F2000B9BF80010B1F1BD
:1065E000FF0618BF0126FF293AD040F288084EF670
:1065F000F05949F6986A04460027C2F20008CEF224
:106600000009C0F6000A00BFF8B2C9B281420BD936
:10661000C000D8F8001050FA87F001EB80054DB1AA
:10662000E968204688470BE04FF0000508BF554653
:10663000002DF5D1D9F80000C00701D000BE00BF81
:1066400065B19BF8001001374A1CF8B2D2B29042F3
:106650004FF0000638BF0126D6D301E0F00719D16C
:1066600040F2EC14C2F2000420463721FAF7F6F8A3
:106670004FF0FF30C4F82300C4F81F00C4F81B001B
:10668000C4F81700C4F81300C4F80F00C4F80B00D6
:10669000C4F8070001B0BDE8F08F0000087840069C
:1066A0000BD14878052808D14888012161F3DF1013
:1066B00046F24C01C4F201010860002001210822C9
:1066C000FFF75ABF70B540F67C0301F00F001022AF
:1066D000C2F20003082402EAD10203EB40104EB2DA
:1066E00024EA111110440B1D0325807B46F2000C97
:1066F00005FA03F306310125C4F2010C05FA01F194
:106700005CF82020194448F68F7348F2800EC0F2DE
:10671000FF7342EA0E04194302F4C0622023B6F16B
:10672000FF3FC8BF4FF400532140B2F5806F18BF40
:1067300059404EF20812CEF200024FF48063C2F8C4
:106740008030BFF34F8FBFF36F8F4CF82010BFF333
:106750004F8FBFF36F8F136070BD000080B54EF296
:10676000081CCEF2000C4FF48060CCF8800040F2A0
:10677000AC30C2F20000BFF34F8F011F46F20000A1
:10678000BFF36F8F01224FF0000EC4F201004FF6ED
:10679000FF7300BF40F822E001328B60082A01F14C
:1067A0000401F7D1BFF34F8FBFF36F8F4FF48060B9
:1067B000CCF8000040F2CC30C2F20000C0210180D1
:1067C00080BD00002DE9F04F83B08A8891F802A0C7
:1067D0006FF3DF224FF0010CC87801928CEADA12D5
:1067E0004FEADA1440F2AC370AF00F0900F0030365
:1067F00002F1020E0094023400206FF00705C2F28D
:1068000000074FF0000B00BF3A5D002A05F10802B7
:1068100006D07E789E421FD13E784E451CD12AE09C
:10682000012B02D117F80E60B6B93E78FF2E18BFC3
:106830004E4511D17E78FF2E18BF9E420CD15FFAD3
:1068400082FB4FF0000887F800907B7007F804C0C7
:10685000B8F1000F05D110E04FF00108B8F1000FBA
:106860000BD0062A4FF0000088BF0120013507F148
:106870000407C9D301E05FFA82FB4EF6F055C0076A
:10688000CEF2000505D02868C00700D000BE4FF04A
:10689000000BBBF1080F15D246F20004C4F201044C
:1068A00054F82B0047F27002C978CFF6000210406E
:1068B00001F003010229484409D0032968D148F2B4
:1068C000806106E02868C00766D000BE64E048F238
:1068D000800140EA010701980DF10B010DF10A0258
:1068E00001F090FC40F2CC32C2F200021188084460
:1068F00083B21080B3F5006F05D928684FF6FF7199
:10690000C00700D000BE009E04EBCB0086F0010261
:1069100000EB82004FF6FF73D0F8002421F0030152
:106920009A4340F67C03C2F2000303EB491311447F
:10693000C0F8001403EB06120198202190814FFA51
:106940008AF082F80EB0B0F1FF3FC8BF4FF400519B
:1069500079406FF07002002848BF6FF4E04201EA0E
:1069600002004EF20811CEF200014FF48062C1F82D
:106970008020BFF34F8FBFF36F8F44F82B00BFF31E
:106980004F8FBFF36F8F0A60012003B0BDE8F08F17
:106990002868C00700D000BE002003B0BDE8F08F1B
:1069A00080B540F67C0001F00F0C1022C2F200000E
:1069B00002EAD10300EB4C1049B21844807B46F246
:1069C000000CC4F2010C5CF82030B1F1FF3F48F636
:1069D000BF7148F2800EC0F2FF7143EA0E03C4BFDC
:1069E0004BF68F71C0F2FF7101EA0301C8BF4FF48B
:1069F000805251404EF20812CEF200024FF48063F2
:106A0000C2F88030BFF34F8FBFF36F8F4CF8201068
:106A1000BFF34F8FBFF36F8F136080BD10B540F68B
:106A20007C0C01F00F00C2F2000C0CEB401CC909F9
:106A30000CEB011E0C014CF804200022CEF80420BF
:106A4000AEF80830AEF80A2000F0D0FB012010BDEF
:106A5000B0B540F67C0C01F00F00C2F2000C0CEB5C
:106A6000401CC9090CEB011E0C0100254CF8045018
:106A7000CEF80420AEF80830AEF80A5000F0B6FBAD
:106A80000120B0BD2DE9F04784B0054640788A4624
:106A90000238052800F2D980DFE800F0032B15202A
:106AA0000D9740F2EC10C2F200000021017041701D
:106AB00001718170C9E040F2E820C2F20000017863
:106AC00001310170C1E040F2EC10C2F20000017827
:106AD000002900F02D8101218170B6E040F2EC1018
:106AE000C2F200000178002900F0228100218170AB
:106AF000ABE040F28C06C2F200063078FF2828D0C6
:106B000040F2880849F698690027C2F20008C0F6EA
:106B10000009002408E000BF30780134411CC9B2EC
:106B20008C4207F1240714D2C0B2844204D2D8F8B0
:106B30000000384430B9EFE74FF0000008BF484686
:106B40000028E9D0026A002AE6D0287869689047D0
:106B5000E2E740F2EC17C2F20007B87840F22428CE
:106B600040F204090028C2F20008C2F2000900F055
:106B7000A9800020B8702978D8F800408DF804105A
:106B80000521BAF1000F8DF805100390029002D193
:106B9000D9F800108847B9F8042004F1080001A9C9
:106BA000002301F073FFBAF1000F064603D1D9F8B4
:106BB000001001208847002E7CD09DF804009DF82D
:106BC0000510524602F0EAF97CE0297911F00F0035
:106BD0003BD040F2EC12C2F2000202EB400000EBAC
:106BE000D112D37D40F28C02C2F20002177840F23B
:106BF0008802C2F20002166849F69862C0F60002E6
:106C00009F4218BF002203EBC30488BF06EB840237
:106C1000DAB1D369CBB1CB09C41814F8270F00F04F
:106C2000FE002070207800F0FB002070D7692878E3
:106C30006A79AB68B84700287AD1207840F0010023
:106C40002070207840F00400207040F22420C2F22E
:106C500000000668BAF1000F06D140F20400C2F24B
:106C6000000001680020884740F20404C2F20004DA
:106C7000A28806F108002946002301F007FFBAF1B7
:106C8000000F064602D12168012088473EB12878CE
:106C90006978524604B0BDE8F04702F07FB94EF67D
:106CA000F050CEF200000068C00741D000BE04B032
:106CB000BDE8F0874EF6F050CEF200000068C00745
:106CC00000D000BEB879C00732D02878D8F800408C
:106CD0008DF8040003208DF805006868BAF1000FF4
:106CE000029003D1D9F8001000208847B9F8042099
:106CF00004F1080001A9002301F0C8FEBAF1000F59
:106D0000054603D1D9F80010012088474DB19DF800
:106D100004009DF80510524602F040F904B0BDE8A9
:106D2000F0874EF6F050CEF200000068C00702D1A6
:106D300004B0BDE8F08700BE04B0BDE8F0870000F5
:106D400010B500F09FFA46F24004C4F2010400209E
:106D50002060206840F45D40206000F0BBFAA0692C
:106D600040F400410120A16110BD00004EF28810E6
:106D7000CEF200004FF480610160BFF34F8FBFF38C
:106D80006F8F7047BFF34F8F4EF20810BFF36F8FB6
:106D9000CEF200004FF48061016070472DE9F04FA2
:106DA00089B046F24005C4F201056C68A0050ED515
:106DB0006FF400706860A8684FF440716FF3DF20D3
:106DC000ADF81810079006A80121FFF75BFE6005DB
:106DD00006D4E00417D420052AD4E0053DD44DE0C4
:106DE0006FF48060686000F075FA4FF48070ADF861
:106DF000180000208DF81C0006A80121FFF742FEB4
:106E000009B0BDE8F08F2868012120F00400286057
:106E1000286820F0080028606FF4805068604FF404
:106E2000A060ADF8180006A8FFF72CFE2005D4D509
:106E30002868012140F008002860286840F004001C
:106E400028606FF4006068604FF48060ADF818004F
:106E500006A8FFF717FEE00510D540F67400C2F251
:106E60000000017839B1012903D12A6822F010020B
:106E70002A60013901706FF480706860019468685D
:106E8000000410D4019840040AD54EF6F050CEF21A
:106E900000000068C00700D000BE6FF4804068604A
:106EA00009B0BDE8F08F40F60F79A5F140044FF02E
:106EB000140805F57070C0F2FF79029013E000BF6E
:106EC00001F180004FF4E0618DF81C000020ADF866
:106ED00018108DF81D0006A801210892FFF7D2FDB9
:106EE00068680004CED5686800F00F0654F826B034
:106EF0005FEA0B4040F1C280CDF80C80039818B1D6
:106F0000039801380390F9E75FEA0B5030D454F846
:106F1000260040F67C0700EA090040F0800044F8B3
:106F2000260054F826A0029B0AF00F090AF48C40B0
:106F300003EBC601C2F20007B0F5884007EB491821
:106F400018BF012051F8202051F82010D8F8040073
:106F5000C2F3094713FA81F100283CD000220792BE
:106F6000042206923A4606AB01F090FD3EE000BFD7
:106F7000029A002302EBC60041684068C1F309474A
:106F800012FA80F004A93A4601F0D0FE54F8260027
:106F9000082F00EA090040F0800044F826000CD1D8
:106FA0004FF4C060ADF81800DDE90410CDE907101A
:106FB00006A80121FFF766FD60E04EF6F050CEF224
:106FC00000000068C00700D000BE00200121082298
:106FD000FFF7D2FA52E0D8F80000B8F80A200023F0
:106FE0000244084611463A4601F0A0FEB8F80A00ED
:106FF000B8F80C2038449742A8F80A0022D3B8F811
:10700000081083B299421DD90AF4C063B3F5806FAA
:1070100008D0081A80B20121904238BF024630469B
:10702000FFF7AAFA40F60F79C0F2FF7909F5405050
:1070300000EA0A004BF2800148404FF0140844F87F
:1070400026001BE030460121FFF796FAB8F80A0047
:107050004FF4E061ADF818100890002706A8012150
:107060008DF81C908DF81D70FFF70CFD40F60F7920
:10707000C8F808704FF01408C0F2FF795FEA0B609F
:107080007FF52EAF54F8260000EA090040F40040D6
:1070900044F8260054F8262040F67C0002F00F0148
:1070A000C2F2000000EB411002F4C063B3F5806F40
:1070B00000F1100012D1C37B002B3FF411AF01236C
:1070C00023EA921205EBC60303EB82020023C3738B
:1070D000D2F8C0336FF31943C2F8C0330389428931
:1070E00093423FF4EDAE314600F01AF8F8E60000A6
:1070F00040F67C00C2F20000002240F8102F817B95
:107100004260826000F00CB846F24000C4F2010018
:10711000026822F4007261F34922026070470000A5
:107120002DE9F04782B0054600896A898A4646F211
:107130000041C4F20101801AA1F5806880B2AE89D5
:1071400058F82A70B04238BF064607F4C0690020DC
:10715000B9F5806F08BFC7F380104FEACA0343EA4E
:10716000800043584418686811FA83F14FF0000317
:1071700038B10422019300926B46324601F068FC5C
:1071800006E02868024408461146324601F0F0FD48
:107190006889B9F5806F3044688120686FF39F2655
:1071A0006FF3194040EA064048F2B001206004BF86
:1071B0000120E87340F63F70C0F2FF70384048404D
:1071C0004EF20811CEF200014FF48062C1F8802027
:1071D000BFF34F8FBFF36F8F48F82A00BFF34F8F75
:1071E000BFF36F8F0A6002B0BDE8F087F0B581B0E1
:1071F00040F67C02C2F2000202EB4010012900EBD3
:107200000110847B05D1214601B0BDE8F040FFF7B5
:1072100087BF46F20006C4F2010656F82410028920
:10722000858901F4C060AA4238BF154643F60F7243
:10723000C0F2FF72B0F5806F01EA020704D1204668
:1072400000212A46FFF798F9204601212A46FFF738
:1072500093F94EF20811CEF200014FF480624BF226
:107260008000C1F880207840BFF34F8FBFF36F8F4D
:1072700046F82400BFF34F8FBFF36F8F0A6001B051
:10728000F0BD000082B046F24000C4F201000321CC
:10729000016000210191019AC72A06D800BF019A16
:1072A00001320192019AC82AF8D3026822F0020240
:1072B000026000910099C72907D800BF00BF00995C
:1072C000013100910099C829F8D30021416002B032
:1072D00070470000F0B581B046F20004C4F201042A
:1072E0000020E06440F2AC30C2F20000C11E08226F
:1072F0004FF6FF73C1F80330013A01F10401F9D1EF
:1073000040F2CC35C2F20005402129800022002144
:1073100009E000BF062A02F101024FF0000188BF18
:107320000121082A1CD000EB82039F7847B15B78CB
:10733000002BEFD110F82230002BEBD110E000BF72
:1073400010F82270FF2F18BF002FE3D15F78FF2FB6
:1073500018BF002FDED1002720F8227001229A707A
:10736000C9074EF6F056CEF200061CBF31685FEA40
:10737000C17140F089800022002108E0062A02F154
:1073800001024FF0000188BF0121082A1CD000EB48
:107390008203DF7847B15B78002BEFD110F8223001
:1073A000002BEBD110E000BF10F82270FF2F18BFA8
:1073B000002FE3D15F78FF2F18BF002FDED1002709
:1073C00020F822700120D870C8071CBF30685FEA1F
:1073D000C0705BD140F67C00C2F200004021002268
:1073E00081818273818382770DF101016A46402099
:1073F00000F008FF2F88384481B22880B1F5006F73
:1074000005D930684FF6FF77C00700D000BE0DF1F8
:1074100003010DF10202402000F0F4FE2988084427
:1074200082B22880B2F5006F05D93068C00700D05D
:1074300000BE4FF6FF7146F20440C4F2010002683C
:107440004FF6FF739A4327F003031A440260D4F8FF
:10745000000421F003016FF30F000844C4F8000496
:10746000206847F27001CFF60001084042F2202167
:1074700080EA0105002001210822FFF77DF8802025
:107480002560E06401B0F0BD00BE74E700BEA1E776
:10749000ADF5107D40F6000943F60048C4F202291C
:1074A000C4F20008F9F7F6FCFEF72EFA002740F6C2
:1074B0008C404297CDE94077CDE93E77C4F2024057
:1074C0000168012241F00401016001684FF4087471
:1074D00001F004011E911E990168012641F001018D
:1074E0000160016801F001011E911E99016841F0DF
:1074F0000201016000684FF4087100F002001E9064
:107500001E984846F9F7ACFC10203EADCDE93E0789
:10751000484629464097F9F7CDFB3EA8D0C04846DB
:1075200029464197F9F7C6FB40F2DC3008F5923165
:10753000C2F200000160082101710221C171417293
:10754000C0F80A70C0F80D70FAF73EFA08B172B6CA
:10755000FEE740F2C060A8F58061C2F200004FF47F
:10756000800207234FF080664FF0005580E88600C8
:107570004FF08041C0E90337C0E90576C0E90757FD
:10758000C0E90977C362C0E90D17C763C0E9127784
:10759000C0E91477C0E916770766FCF763FD10B100
:1075A00072B600BFFEE740F2E07008F5006100230C
:1075B000C2F200000C274FF4E13280E80E00C0E96F
:1075C0000333C0E90573C0E90733C0E90933FDF7A8
:1075D00099FB10B172B600BFFEE740F2E070C2F254
:1075E00000000021FDF744FB08B172B6FEE740F24F
:1075F000E070C2F200000021FDF7F0FA08B172B6A7
:10760000FEE740F2E070C2F20000FDF7CBFA10B1E5
:1076100072B600BFFEE740F250754FF0000B072036
:10762000C2F200054FF48003C5E902B0E8624FF0F2
:1076300080404FF08061C5E9008305F11803C5E97A
:107640000D0B28464FF04052C5E904BB83E80608FD
:10765000C5E909BBC5F83CB0C5E912BBC5E914BB17
:10766000C5E916BBC5F860B0FCF7FCFC08B172B602
:10767000FEE76420F9F7CAFA0020F9F715FA40F29C
:10768000E074C2F200044AF6B101C0F600012046DF
:1076900025226423FDF7B0FB4AF2CC61C0F600015D
:1076A000204621226423FDF7A7FB4AF6B301C0F66A
:1076B0000001204623226423FDF79EFB4AF2B161BC
:1076C000C0F6000120461A226423FDF795FB002036
:1076D000002102F085F94AF25461C0F6000120460B
:1076E0001A226423FDF788FB4AF66B01C0F60001FD
:1076F000204624226423FDF77FFB4AF60001C0F6F2
:10770000000120461A226423FDF776FB4AF2CC7171
:10771000C0F60001204618226423FDF76DFB4AF2F3
:107720009C71C0F60001204617226423FDF764FB1C
:107730004AF2B471C0F60001204617226423FDF717
:107740005BFB4AF29201C0F6000120461B22642333
:10775000FDF752FB4AF2DC51C0F6000120461B2225
:107760006423FDF749FB48464FF400710122F9F705
:1077700077FB0A20F9F74AFA48464FF40071F9F707
:1077800061FB064648464FF400710022F9F768FB9A
:107790000A20F9F73BFA48464FF40071F9F752FB1B
:1077A000074648464FF400710122F9F759FB0DF5E1
:1077B000F87A0FF2DC625046502133460097F8F712
:1077C00053FE5046F8F7C4FF82B220465146642368
:1077D000FDF712FB0FF2EC61204624226423FDF733
:1077E0000BFB0FF2087120462B226423FDF704FBEC
:1077F0000120A9F5806777ACCDE97ABB77907990C5
:1078000038462146CDF8E0B1F9F754FA0A20F9F7E5
:10781000FDF938460121F9F715FB0646022079905B
:1078200038462146F9F746FA0A20F9F7EFF93846C3
:107830000121F9F707FB07464FF48000C5E9010B6A
:107840000720C5E9030B4FF08061E8624FF08040EC
:10785000A9614FF04051C5E90D0B2846C5F80080DD
:10786000C5F814B0C5E9071BC5E909BBC5F83CB0AC
:10787000C5E912BBC5E914BBC5E916BBC5F860B0C4
:10788000FCF7F0FB08B172B6FEE75EAD4AF6F622F1
:107890002846C0F60002642133460097F8F7E4FD5D
:1078A0002846F8F755FF82B240F2E070C2F20000BD
:1078B00029466423FDF7A0FAAEB1012F42D140F270
:1078C000E075C2F200054AF28341C0F60001284685
:1078D00023226423FDF790FA4AF2AE01C0F60001BC
:1078E00028461D2237E040F2E075C2F200054AF258
:1078F000A741C0F60001284622226423FDF77CFA46
:107900004AF61B01C0F60001284614226423FDF745
:1079100073FA4AF60B21C0F6000128461A226423A6
:10792000FDF76AFA4AF62431C0F6000128461F2204
:107930006423FDF761FA4AF23311C0F600012846CC
:10794000202208E040F2E07049F66B71C2F20000BC
:10795000C0F6000128226423FDF74EFA40F2E075DC
:10796000C2F200054AF2BC51C0F6000128461F22AF
:1079700064236426FDF740FA4AF2E571C0F600017F
:1079800028461A226423FDF737FA4AF64D21C0F63D
:107990000001284623226423FDF72EFA4AF27821BB
:1079A000C0F60001284627226423FDF725FA4AF68F
:1079B0002621C0F60001284626226423FDF71CFA82
:1079C0004AF2A021C0F60001284636226423FDF7C2
:1079D00013FA4AF20311C0F6000128462F2264234D
:1079E000FDF70AFA4AF2F851C0F60001284637229C
:1079F0006423FDF701FA48464FF400710022002489
:107A0000F9F72EFA0120F9F701F94120ADF87401D8
:107A100040F250705DA9C2F200005CAA03238DF809
:107A200076418DF87241ADF870410096FCF722FE68
:107A300048464FF400710122F9F712FA9DF87231AD
:107A40003EAE4AF24D323046C0F600027821F8F7D9
:107A50000BFD3046F8F77CFE82B22846314664239F
:107A6000FDF7CAF99DF872315BB1FF2B1DD140F2D1
:107A7000E07049F6CA71C2F20000C0F60001262289
:107A800025E040F2E075C2F200054AF2C711C0F6E7
:107A90000001284642226423FDF7AEF94AF29A110A
:107AA000C0F6000128462C2211E03EAD4AF25412E5
:107AB0002846C0F600027821F8F7D6FC2846F8F7E9
:107AC00047FE82B240F2E070C2F200002946642311
:107AD000FDF792F940F2E075C2F200054AF2EE615C
:107AE000C0F600012846222264236426FDF784F9AB
:107AF0004AF69C21C0F6000128461D226423FDF7AA
:107B00007BF9FF208DF8F60045F2AA50ADF8F4009D
:107B100000208DF8F200ADF8F00048464FF40071F7
:107B20000022F9F79DF940F250703DA9C2F2000021
:107B30003CAA03230096FCF79DFD064648464FF4F9
:107B400000710122F9F78CF99DF8F0009DF8F11011
:107B50009DF8F2401EAF4AF6BA22CDE90001384640
:107B6000C0F60002782133460294F8F77DFC3846CF
:107B7000F8F7EEFD82B2284639466423FDF73CF95A
:107B80009DF8F0209DF8F1109DF8F2001AB9002937
:107B900008BF00280FD0FF2A03D1FF2908BFFF2804
:107BA0006ED040F2E07049F69471C2F20000C0F667
:107BB0000001352277E040F2E075C2F200054AF29A
:107BC0005541C0F6000128462D226423FDF714F923
:107BD0004AF65301C0F60001284617226423FDF738
:107BE0000BF94AF6A611C0F600012846312264239B
:107BF000FDF702F94AF60911C0F6000128463022C5
:107C00006423FDF7F9F84AF67111C0F60001284621
:107C100034226423FDF7F0F84AF63A11C0F6000169
:107C2000284636226423FDF7E7F84AF6D811C0F655
:107C30000001284632226423FDF7DEF84AF6D70118
:107C4000C0F60001284631226423FDF7D5F84AF634
:107C50003001C0F60001284622226423FDF7CCF84B
:107C60004AF20231C0F60001284634226423FDF7AF
:107C7000C3F849F6F171C0F600012846342212E03B
:107C800040F2E075C2F200054AF22041C0F6000160
:107C9000284634226423FDF7AFF84AF2CC01C0F63F
:107CA0000001284636226423FDF7A6F840F2E07072
:107CB0004AF21171C2F20000C0F600011F226423D3
:107CC000FDF79AF849F65D644FF00008C0F600042D
:107CD00003AE4FF0000B04EB4B0014F81B5090F870
:107CE00001A00A20ADF8760048464FF4007100224A
:107CF0008DF875A08DF87480ADF87280F9F7B0F842
:107D0000CDF80C800398092805DC03980130039016
:107D100003980A28F9DB40F25070C2F200000DF11E
:107D200075010DF17202032364270097FCF7A2FC92
:107D3000CDF80C800398092805DC039801300390E6
:107D400003980A28F9DB48464FF400710122F9F73D
:107D500087F89DF874704AF6712230466421C0F6A7
:107D600000022B46CDE900A7F8F77EFB3046F8F776
:107D7000EFFC82B240F2E070C2F2000031466423B0
:107D8000FDF73AF89DF874000130C0B2022805D220
:107D90000BF1010BBBF1030F9DD117E003AC4AF2CD
:107DA00026022046C0F6000264212B46CDF800A032
:107DB000F8F75AFB2046F8F7CBFC82B240F2E070AD
:107DC000C2F2000021466423FDF716F8FDF7A0F883
:107DD00040F2E074C2F200044AF64431C0F60001F9
:107DE000204615226423FDF707F84AF27871C0F6A1
:107DF0000001204623226423FCF7FEFF40F2EC2121
:107E00000020C2F2000100226FF00B03CF180C33E8
:107E1000242BB88138613875F8D10132042A01F178
:107E20003001F1D140F2E074C2F200044AF20A21BA
:107E3000C0F6000120461A226423FCF7DDFF4AF257
:107E40007001C0F60001204621226423FCF7D4FF14
:107E500000200025F8F728FE00200121F8F768FE31
:107E600009E000BF4FF0FF30002101F023FAFDF7D9
:107E700091FCFDF799FAF8F7F9FF0446401BB0F5BD
:107E80007A7FEFD90020F8F739FE2546EAE700BFF0
:107E90002020435320746F67676C6520746573748A
:107EA0003A20484947483D25642C204C4F573D25F2
:107EB00064202865787065637420312C30290D0AA0
:107EC000000000000D0A20202A2A2A20435249548B
:107ED0004943414C204D49534F2050494E20544571
:107EE0005354202A2A2A0D0A00000000202052653F
:107EF0006164696E67204D49534F202850423029F4
:107F000020737461746520776974686F7574205389
:107F100050492E2E2E0D0A00002070470120704778
:107F200070B584B040F22814C2F200042046C0218B
:107F3000F8F794FC04F14000402500268DE861002C
:107F400004F12800002100220023039500F02AFB01
:107F500004F1800104F110008DE86200002101228B
:107F60000023039500F01EFB04B070BD2DE9F04F17
:107F700083B04B798D18012B0E4616D18B790E46A6
:107F8000012B12D1CB790E467BB90B78934201EBD2
:107F900003060AD232783244AA4206D87278242ADA
:107FA00003D132781644AE42F4D37278042A07D152
:107FB0007279012A04D1B279032A01D1F27922B16E
:107FC000002080B203B0BDE8F08F40F2281CC2F25E
:107FD000000C9CF82A209CF81230002A18BF0122BD
:107FE000002B18BF012302EA03070024012200BF6F
:107FF000D20708D0002F08BF23460022002F4FF0E1
:108000000104F5D100E0FF231A0608D04EF6F05027
:10801000CEF200000068C007D2D000BED0E7DAB2CE
:10802000520052FA83F233790CEB821A92010CF867
:108030000200B278002B8AF80120327806EB0204A5
:1080400067D0AC4265D20AF11C0200920AF1280204
:1080500002920AF134024FF0000801921DE0A1885B
:108060008AF8120000986FF3DF218AF810B0AAF89E
:10807000141000F0E9FB207808F101080444012203
:1080800049465846002A9BD0227833795FFA88F710
:108090009F42144438BFAC423BD222782244AA42C9
:1080A00037D86278052AEFD189462146834601F008
:1080B000D3FDF8B194F90200B0F1FF3FCFDDA18804
:1080C0008AF82A0001986FF3DF218AF828B0AAF80D
:1080D0002C1000F0B9FB029800F086FA0028CAD1F3
:1080E0004EF6F050CEF2000000684946C0070DD1B0
:1080F0000022C6E74EF6F050CEF200000068C0073E
:1081000001D10022BCE700BE0022B9E700BE002278
:10811000B7E7601A55E70000B0B540F22814C2F284
:108120000004002504F13400C4E90055C4E90255F7
:1081300000F08AFB04F11C0084F82A5000F084FB54
:10814000A574B0BD70B540F2281CC2F2000C9CF8BA
:108150002A009CF81260401A18BF0120761A18BF36
:10816000012600EA06050024012000BFC00715D043
:10817000002D08BF26460020002D4FF00104F5D148
:1081800030060ED04EF6F050CEF200000068C00768
:1081900004BF002070BD002000BE70BDFF26300669
:1081A000F0D1F5B2680050FA86F00CEB801090F830
:1081B0002A6000F110048E4211D100F1280652B954
:1081C000216A29B19AB204F12400002300F05EFC78
:1081D000284600F0B5FF304600F006FA0FE04FF0F9
:1081E00000006AB9A2788A4218BF70BD20461D46B9
:1081F00000F08EFA18B92046294600F0E5FA012071
:1082000070BD000080B54FF0000C01234FF0010E4F
:108210003E2888BF4FF0010C84BF4FF01F0E05238E
:10822000704481F800C020FA03F1C8B29840117080
:1082300080BD0000B0B54A880C464FF0FF3101EB1D
:1082400012210E291AD80546DFE801F0082013187C
:10825000182F36181818181818181A0000F040FEB1
:10826000B8B30246284621461223BDE8B04000F0CC
:10827000BFBDA188D0B200F03DFED0B90020B0BD96
:1082800000F026FE0028F9D002461BE0D0B200F034
:1082900021FE0246B0B94EF6F050CEF20000006862
:1082A000C007EBD000BE0020B0BD00F01FFE0028CC
:1082B000E4D00378024606E0D0B200F019FE024690
:1082C0000028DBD0538828462146BDE8B04000F0A6
:1082D0008FBD4EF6F050CEF200000068C007CDD042
:1082E000002000BEB0BD00002DE9F04F85B0049025
:1082F000481EC0B200F0EEFD002800F0CA804178B0
:10830000022940F0C68040F2EC13C179C2F20003AA
:10831000DA78C1F3801102F0FE021144D97041886D
:1083200000F10905014403918D4208D314E00020B7
:1083300003990028454640F0C0808D420CD2287831
:108340004FF000092844884298BF4FF00109B9F165
:10835000000F07D1B1E000BF4FF00009B9F1000FE5
:1083600000F0AB806878042808D00B2840F09D808E
:10837000287805448D42EFD2E1E700BF40F28C003F
:10838000C2F200000078FF2869D0491B8EB2002499
:108390004FF0000AA8464FF0000B00BFC0B2824564
:1083A00014D240F28800C2F2000000682044B8B144
:1083B00003690498294632469847074609284FF032
:1083C000000028BFBE4215D2A0B343E04FF000002A
:1083D00049F69861C0F6000108BF08460028E7D1B9
:1083E0004EF6F050CEF200000068C00720D000BE6C
:1083F0001EE000BF40F2EC12C2F200025FFA8AF007
:1084000002F1170107321023CDE9008700F05AF876
:1084100018B1B844102068B11CE04EF6F050CEF20E
:1084200000000068C00702D1012018B112E000BEB0
:10843000012078B940F28C00C2F2000000780AF105
:10844000010A411CC9B20BF1010B8A4504F1240455
:10845000A4D307E010287FF46BAFD34602E04FF0BF
:10846000000BA84640F28C00C2F2000000785FFAD0
:108470008BF10130C0B28142FFF459AF4EF6F0509B
:10848000CEF2000000680399C00700D000BE0120B2
:108490004FE74EF6F050CEF200000068C00700D063
:1084A00000BE002005B0BDE8F08F4EF6F050CEF2D1
:1084B00000000068C00700D000BE89F0010005B0D0
:1084C000BDE8F08FF0B5DDE905C64EF6F054CEF20A
:1084D00000040CEB060E00BFF44509D29CF80050D6
:1084E000654475454FF0000598BF012515B929E091
:1084F00000253DB39CF80160042E0BD0052E0CD155
:108500009CF8026006F00F0701EB470707EBD61651
:10851000307002E09CF8036036B19CF80060B4440F
:108520000126002ED8D10DE09CF802609E4201D2B7
:108530001644EDE72668F60701D10026F1E700BEF4
:108540000026EEE785F00100F0BD00000178C907C4
:108550000DD1017849070AD40178C90709D10178FA
:10856000012201F0040182EA910121B907E0002013
:108570007047002119B1027842F0040202700846E7
:10858000704700000178490751BF0021017801229E
:1085900022EA010119B1027802F0FB0202700846DA
:1085A00070470000F0B581B08C46DDE90612002965
:1085B0008E46144618BF4FF0010E002A18BF012442
:1085C00004EA0E04012C0BD180F801C000F10C0C60
:1085D000DDE908650746604600F03AF9BE60FD80B7
:1085E000204601B0F0BD0000818AC28AB0F9103087
:1085F000891A48BF01EB43018288D3FA51F189B24D
:10860000914203D3817809B142780AB100207047C2
:1086100010B582B00446007801F0F0FA002846D088
:10862000A08AE18AB4F91020401A48BF00EB42004A
:10863000A188D2FA50F0234682B28A4206D25878F4
:10864000A8BB1878997801F01BFB30E0494208403C
:1086500080B2B3F806C05978604538BF8446F1B996
:108660009A681878997862B14FF0000E6346BCF1B1
:10867000000F08BF62466446CDF800E001F02EFB13
:1086800009E003F10C024FF0000E63466446CDF89A
:1086900000E001F065FB10B1204602B010BD4EF6BF
:1086A000F050CEF200000068C00700D000BE0020ED
:1086B00002B010BD002A04BF00207047B0B592B2CE
:1086C00004460C30002300F0E1F9218AA28AE38AF3
:1086D000D21A48BF02EB410293B2A2888B4228BF54
:1086E0000B46934202D2914228BFB0BD05462046B8
:1086F00000F00EF82846B0BD818AC28AB0F9100099
:10870000891A48BF01EB4001D0FA51F080B270479E
:10871000018A828AC38AD21A48BF02EB410292B20E
:108720008A4238BF114619B1817809B142780AB13D
:1087300000207047B0B582B00546007801F05EFABF
:1087400000283DD0A9682B4605F10C0431B1DA8828
:108750002046002300F07CF92B460AE0188A998A0B
:10876000DA8A891A48BF01EB400189B2814238BFD9
:108770000846597858B1D9B99A6805461878997851
:108780005AB100242B46009401F0A8FA0DE0B9B9C3
:108790001878997801F074FA12E04FF0000C224634
:1087A0002B46CDF800C001F0DBFA0028284608D19E
:1087B0004EF6F050CEF200000068C00700D000BEB8
:1087C000002002B0B0BD000010B582B0838AC48A18
:1087D00002464FF0000031B1A34204D19088013825
:1087E000084202D0002002B010BD91780029F9D0D3
:1087F00050780028F6D11078144601F0FFF90028CF
:10880000F0D06078B0B9A3682078A178224633B15F
:10881000002400220023009401F060FA05E00C32ED
:1088200000240023009401F09BFA00281EBF0120C1
:1088300002B010BD4EF6F050CEF200000068C00746
:10884000D0D000BECEE700000021418101817047F9
:10885000B2F5004F05D8016000218280837141810B
:1088600001810020B2F5004F98BF01207047000041
:108870002DE9F04F83B00C9C87881E1B48BF06EB88
:108880004706914632042CD0B2B2974206D23A46FD
:108890009F4298BF5242D4183E4644810D9A00BF71
:1088A000A3B22546BB42A4EB0704F9D2B6B2A7EBAC
:1088B000050A4E4538BFB146B2B11FFA8AF6D0F864
:1088C00000B0B1450BEB030621D91478604200EAF1
:1088D0000A001FFA80FCA4453BD233460D4662468F
:1088E00042E04FF00009AFE01FFA8AF207689145B5
:1088F0003B4428D9054608460E461946A9EB0A040A
:10890000F7F745FF16FA8AF02968A2B21EE013783D
:108910004846994502D24A4608E000BF3768C01A67
:1089200082B241F8047B9A421E44F7D2000400F060
:108930008B800020029002A80C463146F7F727FFF3
:108940000298206080E0084619464A46F7F71FFF64
:108950007AE00D46334600BF1F68001B82B245F81F
:10896000047BA2422344F7D20004A4F101080BD0F7
:108970000020029002A8009119466746F7F707FF0A
:1089800000990298BC46286008EA0A07A9EB0A0584
:108990005FFA87FABAF1000F0CEB010836D006EB4C
:1089A0000C0101A85246F7F7F2FEA4EB0A0080B2D0
:1089B000A9B2814238BF0846C6B22EB101A85044C0
:1089C00059463246F7F7E3FE56FA87F201A9A2426A
:1089D00003D20023474673B114E047460B68121BCD
:1089E00090B247F8043BA0422144F7D2B0FA80F29B
:1089F0005309024633B90020029002A8F7F7C7FED8
:108A00000298386008F10408AD1BB34428041BD059
:108A1000AAB2A24202D2002068B115E0DBF8000041
:108A20002D1BAAB248F8040BA242A344F6D2B2FA14
:108A300082F0400940B90020029002A85946F7F799
:108A4000A6FE0298C8F80000484603B0BDE8F08FC3
:108A500010B582B09C460389B0F80AE00446CDE91F
:108A600000ECFFF705FFA188B4F80AC00CEB000387
:108A70009AB2A3EB410EB2EB410F28BF7346624599
:108A800038BF7346638102B010BD00002DE9F04F7E
:108A900089B032B30446B0F808904089A77992466D
:108AA000A2880FB352452ED9B9EB000748BF07EB98
:108AB00042071AFA87F7B7EB420F20D3A2EB0A0658
:108AC00006EB00091FFA89F65700A9EB4202B742EC
:108AD00098BF9146864238BF9146BAF1000F1DD12A
:108AE00020E14FF0000A1DE1B9EB000048BF00EBA8
:108AF0004200D2FA50F080B2824528BF8246BAF1D5
:108B0000000F0BD10EE1AAEB0207002B08BF39447E
:108B100081469246BAF1000F00F00481A2880AEB68
:108B20000900851A4E460690B0B23746AB46B61AD3
:108B30009042A5EB0205F7D2A2EB07081FFA88F2D4
:108B40009BB12768924507EB00061CD9CDE9049438
:108B500093F80090C9F1000008EA0007BDB24D4546
:108B60001BD230460C462A4624E02368924518441E
:108B700011D9AAEB08050E46F7F709FE206816FA88
:108B800088F1AAB2BDE01878824546D2002052464C
:108B9000002850D0B7E05246B3E0AC460C46304611
:108BA00054F8045BA7EB0907BAB205604A4548448C
:108BB000F6D265463F04A9F101070CD0029525685D
:108BC0000DF1200C0C46614608951D46F7F7DFFDB8
:108BD0002B46029D2146404638405FFA80FEAAEBB4
:108BE0000808BEF1000F05EB010729D0A9EB0E0123
:108BF0008AB21FFA88F10192914228BF11465FFAAA
:108C000081FC5CFA80F21C787019A242CDE9020363
:108C100007A81AD20023394624E0534651F8047BB2
:108C20001B1A9AB2376082420644F7D2B2FA82F037
:108C30004009002867D1086808A90890304660E01C
:108C4000059CDDF81090206840E0394651F8045B3F
:108C5000121B96B20560A6422044F7D2B6FA86F2FD
:108C600053093246DDE90494654633B9096876460E
:108C7000089108A9F7F78BFDB6467246BEF1010FC1
:108C800098BF0122029807A97646F7F780FDAC4607
:108C900007F10407ADB11FFA8BF001994FF0FF32D5
:108CA000884238BF0146C8B207A94042314400BFDC
:108CB00026688B18164401325B788518013573706D
:108CC000F6D12068039BA8EB0C0860445FEA0841DA
:108CD00019D019781FFA88F28A4201D200210CE0DB
:108CE00057F8043BA8EB01081FFA88F203608A4298
:108CF0000844F5D2B2FA82F1490921B939680891DC
:108D000008A9F7F744FD069BA08899B2A3EB40029F
:108D1000B1EB400F28BF13461FFA89F0814238BFDC
:108D200013462381504609B0BDE8F08F002B14BFD5
:108D300093F800C04FF0040C80B582B0624501D2B8
:108D4000134609E050F804EBA2EB0C0293B2C1F811
:108D500000E063456144F5D2120407D0006801AA1F
:108D60000190084611461A46F7F711FD02B080BD82
:108D700010B582B0002B14BF93F800C04FF0040C64
:108D80000446624502D2134609E000BF0868A2EB20
:108D90000C0293B244F8040B63456144F6D210040C
:108DA00007D00020019001A81A46F7F7F0FC0198BF
:108DB000206002B010BD000080B582B0D1F800C0C4
:108DC0004B6840F2D002C2F200024FF0000EC2E93E
:108DD00000C3C2E902EE0978802222EA01010022E2
:108DE0000023CDF800E000F079FF02B080BD000064
:108DF00070B582B00E684D6840F2D00CC2F2000C23
:108E0000CCE90065CD884FF0000EAB422C46CCF883
:108E10000820ACF80EE038BF1C46ACF80C4055B149
:108E2000EAB9E3B14EF6F050CEF200000068C00798
:108E30004AD000BE48E00978802222EA01010022DF
:108E40000023CDF800E000F049FF90BB4EF6F05053
:108E5000CEF200000068C00736D000BE34E0402CDF
:108E600028BF40249CF9001021F07F0C93B1B1F190
:108E7000FF3F0FDC02B340F29001C2F20001054651
:108E80000846114622461E46F7F781FC334628461F
:108E90004FF0800C40F29002C2F20002002B08BF9B
:108EA0001A4600265FFA8CF12346009600F016FF62
:108EB00010B1012002B070BD4EF6F050CEF20000AD
:108EC0000068C00700D000BE002002B070BD0000E6
:108ED0000020704749F6DE60C0F6000070470000D1
:108EE00049F6CC60C0F600007047000000207047D3
:108EF0000020704710B5B8B103281FD149F64B7058
:108F0000C0F6000040F2E40201386FF00101C2F245
:108F1000000200BF10F8013F02318C181029638055
:108F2000F8D14FF445712AE040F2E400C2F20000AB
:108F300040F2094141804FF4417120E084BF00209C
:108F400010BD12A151F820402046F7F701FC20285F
:108F5000014628BF202170B140F2E400C2F20000B7
:108F60000238621E0B4600BF12F8014F013B84809D
:108F700000F10200F8D140F2023000EB410140F272
:108F8000E400C2F20000018010BD00BF639E000833
:108F9000439F0008559F0008000000007047000034
:108FA0002DE9F04F83B000EB40001C4640F228133F
:108FB000C2F2000303EB8017B87C002800F0B480F5
:108FC0004FEA011B0BF10F00154607F1020907F1EB
:108FD000100601900BF105004FF00008029003E02D
:108FE0000120002800F0A880444500F0A180304610
:108FF000FFF782FB0428C0F09A80B97915F90800C0
:1090000008F10108A1B1042920D209F80100BB78B8
:10901000BA7903F00F03511C042BB97108BF10F18A
:10902000090035D1101D40EA0B00B870F9712FE02E
:10903000B978022201F00F010429BA71F8700ED13B
:10904000093023D10298B870022020E04EF6F0508B
:10905000CEF200000068C00712D100203CE0C1B28F
:1090600010F1400F4FEA11110DDB0E290BD020F04B
:109070001F02403232D141EA0B00B870032006E0F3
:10908000002000BE28E041EA0B00B8700420F8710F
:10909000B879F9798842A3D1032905D809EB0100F1
:1090A000C1F10401F7F7B8FB304649460422FFF747
:1090B00001FB0438B0FA80F04FF000014FEA501085
:1090C000F9803FF48EAF4EF6F051CEF20001096800
:1090D000C90701D000BE00BFC24682E70F2905D1F3
:1090E00010F1100107D10420B87015E00198B87094
:1090F0000020B880A8E720F002010F3103D1022040
:10910000B870032008E00E3003D10320B8700420AB
:1091100002E00520B8700220F87199F8000040EADA
:109120000B0089F80000B3E74FF0000A04E0444662
:109130003046FFF7EDFAA246504603B0BDE8F08F87
:10914000704700007047000040F2EC10C2F20000CF
:109150000079002818BF0120704700007047000008
:109160002DE9F04740F21809C2F2000999F80020F1
:10917000FF2A02D00120BDE8F0870D46002957D014
:10918000044640F2EC10C2F200003721F7F766FB0C
:1091900040F2E82040F20406C2F200000021C2F2D0
:1091A0000006017006F10800FFF74EFB40F2242094
:1091B000C2F20000066040F28C06C2F200063046A1
:1091C00000F052FC317840F28808C2F20008FF2912
:1091D000C8F8000037D03178B1F1FF0018BF012086
:1091E000FF2948D049F6986A0027C0F6000A00BF58
:1091F000FAB2C9B2914207D9D200D8F8001052FA97
:1092000087F201EB820103E04FF0000108BF5146F5
:1092100021B3496811B38847317801374A1CF8B245
:10922000D2B290424FF0000038BF0120E0D322E0DC
:109230004EF6F050CEF200000068C0072FD000209C
:1092400000BEBDE8F0874EF6F050CEF20000006898
:10925000C00724D0002000BEBDE8F0874EF6F051D4
:10926000CEF200010968C90700D000BEC0071CBFCC
:109270000020BDE8F0872046294689F80040FDF728
:109280005FFD28B12046FDF77DFD0120BDE8F08798
:109290004EF6F050CEF200000068C00702D1002068
:1092A000BDE8F087002000BEBDE8F08770470000F1
:1092B0007047000040F21800C2F200000078FF285A
:1092C00008BF70472DE9F04F85B001AD40F224266C
:1092D00040F2040840F2EC1B281DC2F20006C2F264
:1092E0000008C2F2000B4FF00009009026E058463B
:1092F0003721F7F7B3FA4FF0FF30CBF82300CBF864
:109300001F00CBF81B00CBF81700CBF81300CBF8ED
:109310000F00CBF80B00CBF8070000F0ABFB9DF87B
:1093200008008BF8050040F2242601ADC2F20006C9
:1093300009F10109B9F1100F00F04983D8F80010C4
:10934000346800208847B8F8042004F10800294652
:109350000023FFF77DFBD8F800100746012088475F
:10936000002F00F034839DF805000138072800F233
:109370002E81DFE810F008006F0053005C004B0006
:10938000B000F300680040F28C00C2F200000078E8
:10939000B0F1FF0A18BF4FF0010AFF28A7D09DF8CF
:1093A00004700025002600BFC0B240F28801C2F25E
:1093B000000186424FF0000449F698600968C0F643
:1093C000000008BF044638BF4C191CB1E16838469C
:1093D000884707E04EF6F050CEF200000068C00764
:1093E00000D000BE002C00F0048140F28C00C2F2DC
:1093F000000000780136411CC9B224358E424FF07E
:10940000000A38BF4FF0010ACED370E79BF8000086
:1094100000283FF48DAFFFF7A1FE89E79BF8060017
:10942000C0073FF485AF0298FFF740FF80E79BF845
:10943000000000283FF47CAF9BF80300C0F340001D
:10944000FFF736FF74E7029900293FF471AF0398E4
:1094500088476DE740F28C00C2F200000078B0F15E
:10946000FF0518BF0125FF2800F0CA809DF804A061
:1094700000260024C0B240F28801C2F200018442FA
:109480004FF0000749F698600968C0F6000008BF71
:10949000074638BF8F191FB1F9685046884707E063
:1094A0004EF6F050CEF200000068C00700D000BEBB
:1094B000002F00F0A38040F28C00C2F20000007880
:1094C0000134411CC9B224368C424FF0000538BF2C
:1094D0000125CFD394E040F2E821C2F200010878E0
:1094E000002800F06C82087801380870087800289D
:1094F0007FF41EAF01208BF800009BF8270000F0DE
:10950000FE008BF827009BF8270000F0FB008BF88B
:1095100027009BF8280000F0FE008BF828009BF83D
:10952000280000F0FB008BF828009DF80470002054
:1095300000F0ACFA9DF80820C2F34110022800F0B8
:109540008680032840F092804EF6F050CEF2000064
:109550000068C00700F03F8100BE3CE19DF80810A4
:1095600011F00F000BEB400000EBD11292F8273006
:1095700003F0FE0382F8273092F8273003F0FB0354
:1095800082F827302DD0CA09104440F28C02C2F272
:109590000002C07D127840F28803C2F2000300EBA3
:1095A000C00782424FF0000449F698601B68C0F67D
:1095B000000008BF044688BF03EB8704DCB3A7693B
:1095C0009DF804009DF80920039BB8473BE04EF648
:1095D000F050CEF200000068C0073FF4A9AE00BE14
:1095E000A6E69DF804009DF80920039B00F060FAB0
:1095F0009EE65FEACA703FF47AAE8EE6E80715D1C0
:1096000058463721F7F72AF94FF0FF30CBF82300FF
:10961000CBF81F00CBF81B00CBF81700CBF81300DA
:10962000CBF80F00CBF80B00CBF8070000F022FAC4
:1096300000F0D2F977E64EF6F050CEF20000006866
:10964000C00700D000BE002C7FF472AEBFE149F627
:10965000DD10C0F6000000F019FA009A384601212A
:1096600000F0BCF9C0077FF463AEB4E002F01F0164
:10967000022974D0012933D0002940F0A4800128A8
:1096800040F0BD80BDF80C0010F0F00F40F0A3805A
:1096900000F00F0040F28C015844C2F20001C07982
:1096A000097840F28802C2F2000200EBC003814256
:1096B0004FF0000449F698601268C0F6000008BF39
:1096C000044688BF02EB8304002C00F084806069AC
:1096D00000F0DCF96369009A384601219847C1E738
:1096E000BDF80C0010F0F00F75D100F00F0040F243
:1096F0008C015844C2F20001C079097840F2880216
:10970000C2F2000200EBC00381424FF0000449F6B0
:1097100098601268C0F6000008BF044688BF02EBDC
:109720008304002C57D0606900F0B0F96369009A97
:1097300038460121984700287FF4FAAD9DF80800CB
:1097400010F0600F47D1002000F0A0F99DF809004B
:109750000B2800F022810A283DD100208AE0BDF8C4
:109760000C1001F00F00082840D20BEB4003C9B2E7
:1097700003EBD11340F28C04C2F20004DB7D94F8B9
:1097800000A040F28804C2F20004D4F800C003EB49
:10979000C30E9A454FF0000449F69863C0F60003E3
:1097A00008BF1C4688BF0CEB8E0412F0600F44D03B
:1097B0001CB3606900F06AF96369009A38460121B8
:1097C0000124984735E04EF6F050CEF200000068D4
:1097D000C00700D000BE9DF804000021FDF7E0F8AE
:1097E0009DF804008021FDF7DBF8A1E54EF6F0506E
:1097F000CEF200000068C00718D1002018E09DF8E4
:10980000090009282BD8DFE800F005532A812A8DAA
:10981000992A335F9BF803000099ADF8120038468F
:109820000DF112020223FFF7E3FA81E5002000BEEA
:109830000124002C3FF47CAD14E79DF80920032A95
:1098400018BF012A20D1BDF80A00002840F08B8003
:109850000020012A40F0858000F0DEF983E04EF61A
:10986000F050CEF200000068C007B4D000BEB2E7EE
:109870009BF8040000998DF8120038460DF1120291
:109880000123FFF7B5FA53E5002A5FD10BEB400047
:10989000C909084490F827000099C0F340000DF171
:1098A0001202ADF8120038460223FFF7A1FA70E069
:1098B000BDF80A0001287FF48EAF9BF8030000F08A
:1098C000FD008BF8030068E09DF80A409BF8040057
:1098D000A04262D068B138460021FDF715FC384639
:1098E000FCF73CFF9BF805A03846FCF76FFE8BF8B1
:1098F00005A0002C8BF804404DD038462146FEF7D9
:10990000F3FC00284ED0FFF71DFC46E0BDF80A002E
:1099100001287FF460AF9BF8030040F002008BF851
:1099200003003AE0009800F0B7F89DF80A103846B6
:10993000FDF7DEFB01208BF80100F9E400993846C1
:10994000FEF778FC00287FF4F3AC44E74EF6F050C5
:10995000CEF200000068C0073FF44FAF002000BE09
:1099600066E700F09BF9A4B1606900F08FF86369C5
:10997000009A3846012198470020002400F086F81C
:109980009BF82800C0077FF454AF00993846FFF7D2
:1099900013FA00244DE700F01FF800993846FFF74E
:1099A0000BFAC5E400208BF804004EF6F050CEF21E
:1099B00000000068C0073FF40EAF00BE0BE74EF694
:1099C000F050CEF200000068C00700D000BE05B025
:1099D000BDE8F04F7047000070470000002070475E
:1099E00010B582B0E1B101280FD80A786AB140F20F
:1099F000E813C2F200031A540A78012A02D1FFF7D1
:109A0000AFFB38B3012002B010BD4EF6F050CEF2DD
:109A100000000068C00700D000BE002002B010BDEA
:109A200001240DF106010020ADF80640FFF798FB78
:109A300030B140F2E811C2F200010C7002B010BD6A
:109A40004EF6F051CEF200010968C907E6D000BE1B
:109A500002B010BD4EF6F050CEF200000068C00714
:109A6000DBD000BED9E700000146002200200A70CA
:109A70007047000040F2D000C2F200000021C0E9AF
:109A80000011C0E9021101617047000040F2D001ED
:109A9000C2F20001086170470168406840F2D002DC
:109AA000C2F200020023C2E90010C2E9023370478B
:109AB0002DE9F04182B040F2D004C2F2000494F9E2
:109AC0000020514049B2B1F1FF3F50DD002A0ED4D1
:109AD000A268002A74D040F29001C2F2000105464B
:109AE00010461A461E46F6F752FE33462846E189CE
:109AF000A268CD18D118402BE581A16041D3E3883D
:109B0000AEB2B3423DD0A7897B1B9BB2402B28BF8E
:109B1000402394F900500024B5F1FF3F4FF00005B9
:109B20000FDCB7420CD0CAB140F29002C2F2000280
:109B3000804610461A461D46F6F729FE2B4640463B
:109B4000802540F29001C2F20001BA1B18BF0A46FC
:109B50002946009400F0C2F800284BD14EF6F05090
:109B6000CEF200000068C0072AD000BE28E05BB338
:109B70004EF6F050CEF200000068C00720D000BEC4
:109B80001EE023694BB140F2D002C2F20002022172
:109B9000054698470146284621B3217880220027B0
:109BA00022EA010100220023009700F097F808BB89
:109BB0004EF6F050CEF200000068C00700D000BEA4
:109BC000002002B0BDE8F08121460546FCF766FDA5
:109BD00023697BB140F2D0022846C2F20002032181
:109BE000984707E000210446FCF7DAFE2046802172
:109BF000FCF7D6FE012002B0BDE8F08140F2EC1285
:109C000001F00F00C2F2000202EB400000EBD110A5
:109C100000212730FEF79ABC10B540F21800C2F2BE
:109C2000000000780C46FCF74DFD40F2EC1104F00A
:109C30000F00C2F2000101EB400000EBD41090F8DD
:109C4000271001F0FD0180F8271090F8271001F08F
:109C5000FE0180F8271010BD8878000706D440F276
:109C60001800C2F200000078FCF7ACBD4EF6F050D0
:109C7000CEF200000068C00700D000BE0020704790
:109C800040F2EC1201F00F00C2F2000202EB4000C1
:109C900000EBD11000212730FEF774BC10B540F264
:109CA0001800C2F2000000780C46FCF779FE40F282
:109CB000EC1104F00F00C2F2000101EB400000EBD8
:109CC000D41090F8271041F0020180F8271090F886
:109CD000271041F0010180F8271010BDB0B582B007
:109CE00040F2EC1401F00F00C2F2000404EB40005B
:109CF00040F2180C00EBD115C2F2000C9CF80000E9
:109D000015F827CF5FEACC741FD12C78DDF818C086
:109D100044F001042C70CDF800C0FCF77FFE002851
:109D20001EBF012002B0B0BD287800F0FE002870F0
:109D3000287800F0FB0028704EF6F050CEF20000BC
:109D40000068C00709D000BE07E04EF6F050CEF222
:109D500000000068C00700D000BE002002B0B0BD07
:109D6000B0B582B040F2EC1401F00F00C2F2000472
:109D700004EB400040F2180C00EBD115C2F2000CCD
:109D80009CF8000015F827CF5FEACC741FD12C781F
:109D9000DDF818C044F001042C70CDF800C0FCF7C9
:109DA00057FE00281EBF012002B0B0BD287800F089
:109DB000FE002870287800F0FB0028704EF6F05066
:109DC000CEF200000068C00709D000BE07E04EF6E2
:109DD000F050CEF200000068C00700D000BE0020A6
:109DE00002B0B0BD014640F21800C2F20000007897
:109DF000002908BFFCF7BABFFCF7C4BF30380A28F7
:109E000001D20120704700207047F1EE100A4FF692
:109E1000FF71C0F2C03120EA010040F04070E1EE75
:109E2000100A7047303132333435363738394142D1
:109E300043444546403058003031323334353637AC
:109E40003839616263646566403078000400000858
:109E5000000000000000000200010000104041422C
:109E6000434E4F09040000000000000000010203FF
:109E700004060708090000000001020304000100B5
:109E800002000400060008000A000C001000200078
:109E9000400080000001000000000000217F000859
:109EA0001D7F0008198100086D7F0008197F0008D8
:109EB00045810008000000000000000001010103CE
:109EC0000701000008040204080101011201000258
:109ED00001000040FECA084000010102030109021E
:109EE0006500020100803209040000000101000049
:109EF0000924010001090001010904010002010314
:109F000000000724010001410006240201010006AF
:109F100024020202000924030103010201000924B2
:109F200003020401010100090501024000000000D4
:109F300005250101010905810240000000000525F9
:109F400001010353544D3332483500313233343537
:109F5000363738390053544D3332204D4944492067
:109F6000436F6E74726F6C6C65720020204D4953A4
:109F70004F2070696E2063616E20746F67676C6537
:109F8000202D206861726477617265204F4B210D2E
:109F90000A0D0A002020E29C852053504920636F5F
:109FA0006D6D756E69636174696F6E204F4B202D06
:109FB000204D4350323353313720726573706F6ECA
:109FC00064696E67210D0A0D0A0020205355434332
:109FD00045535321204D4350323353313720697359
:109FE00020726573706F6E64696E67210D0A0D0AC9
:109FF000002020202020496620796F752073656538
:10A00000205B307841412030783535203078464625
:10A010005D2C205350492070696E7320776F726BEE
:10A02000210D0A0D0A00202020205355434345539B
:10A03000533A20466F756E6420776F726B696E6756
:10A04000206F70636F64652120557365203078251B
:10A050003032582028777269746529202F20307893
:10A0600025303258202872656164290D0A0D0A00D6
:10A0700057616974696E6720666F722062757474C7
:10A080006F6E20707265737365732E2E2E0D0A0D20
:10A090000A00202020202D20435320286D616E755A
:10A0A000616C29203D205043390D0A0D0A00202003
:10A0B00020202D205042302073686F727465642018
:10A0C000746F20332E33560D0A0D0A0020204D499F
:10A0D000534F202850423029206E6F7420636F6EDA
:10A0E0006E6563746564206F72204D435032335344
:10A0F0003137206E6F7420706F77657265640D0A5A
:10A100000D0A0020202020352E204353202870697E
:10A110006E203131292073686F756C642062652070
:10A12000332E3356207768656E2069646C650D0A9E
:10A130000D0A00202020202D2057726F6E6720709E
:10A14000696E20696E202E696F632066696C650DEB
:10A150000A0D0A0020205741524E494E473A2055D9
:10A160006E65787065637465642076616C756520D2
:10A17000307825303258202D2063686970206D6159
:10A180007920626520696E20756E6B6E6F776E2028
:10A1900073746174650D0A0D0A00202020202D3E85
:10A1A00020436865636B205644442C205245534538
:10A1B000542C20616E64204D49534F207769726999
:10A1C0006E670D0A0D0A0020204552524F523A2068
:10A1D000436869702072657475726E7320307830D0
:10A1E00030202D204D49534F20737475636B204CE4
:10A1F0004F57206F722063686970206E6F742070F3
:10A200006F7765726564210D0A00496E6974696132
:10A210006C697A6174696F6E20636F6D706C6574C0
:10A2200065210D0A002020494F434F4E3A203078D7
:10A230002530325820286578706563742030783076
:10A2400030290D0A002020494F444952423A20301B
:10A25000782530325820286578706563742030780E
:10A260003046203D20696E70757473206269747386
:10A2700020302D33290D0A0020202020322E205698
:10A280005353202870696E2036292073686F756CCF
:10A29000642062652030562028474E44290D0A006C
:10A2A00020202020342E2041302C2041312C2041F0
:10A2B00032202870696E732031322C31332C3137C3
:10A2C000292073686F756C642062652030562028E1
:10A2D000474E44290D0A0020204750494F413A205B
:10A2E00030782530325820286578706563742030C6
:10A2F000784646203D20616C6C2048494748290D2E
:10A300000A00202020202054656D706F72617269F0
:10A310006C7920636F6E6E65637420504331322018
:10A32000284D4F53492920746F2050423020284D2A
:10A3300049534F290D0A00202028555342206E6FA3
:10A3400074206D6F756E746564290D0A00202044B9
:10A35000656661756C7420494F44495241207265AD
:10A3600061643A203078253032582028657870654D
:10A3700063742030784646206966206368697020DF
:10A38000697320776F726B696E67290D0A00202050
:10A3900047505055423A20307825303258202865B1
:10A3A00078706563742030783046203D2070756C7D
:10A3B0006C2D757073206F6E290D0A002020475098
:10A3C000494F423A2030782530325820286578703D
:10A3D0006563742030783046203D20616C6C2048E5
:10A3E00049474820776974682070756C6C2D7570CA
:10A3F00073290D0A002020494F444952413A203028
:10A40000782530325820286578706563742030785C
:10A410003030203D206F757470757473290D0A00FB
:10A420000D0A20202A2A2A205741524E494E473AE7
:10A4300020535049204D49534F20666C6F61746919
:10A440006E672028616C6C20307846462921202ACE
:10A450002A2A0D0A000D0A20202A2A2A20455252B3
:10A460004F523A204D43503233533137204E4F54E0
:10A4700020524553504F4E44494E4721202A2A2A04
:10A480000D0A0020202A2A2A204552524F523A20F3
:10A490004D49534F20737475636B204849474821D9
:10A4A000202A2A2A0D0A0020202A2A2A2045525230
:10A4B0004F523A204D49534F20737475636B204CB3
:10A4C0004F5721202A2A2A0D0A000D0A20202A2A65
:10A4D0002A204552524F523A20535049207265610A
:10A4E000647320616C6C2030784646202D20706F9C
:10A4F000737369626C65206E6F206465766963654D
:10A5000021202A2A2A0D0A000D0A20202A2A2A2080
:10A510004552524F523A205350492072656164733C
:10A5200020616C6C2030783030202D2063686563AA
:10A530006B2053504920776972696E6721202A2A5F
:10A540002A0D0A000D0A20202A2A2A205741524E9D
:10A55000494E473A204750494F42206E6F74203091
:10A56000783046202D20636865636B2070756C6CB5
:10A570002D757073206F7220776972696E67212064
:10A580002A2A2A0D0A000D0A20202A2A2A20535599
:10A5900043434553533A204D4350323353313720D0
:10A5A000636F6E6669677572656420636F7272654A
:10A5B00063746C7921202A2A2A0D0A0020202A2A75
:10A5C0002A204D4350323353313720504F57455294
:10A5D0002054455354202A2A2A0D0A00202054656D
:10A5E0007374696E672043532070696E202850434E
:10A5F00039292E2E2E0D0A00202052656164696EC5
:10A6000067204D4350323353313720494F4449522C
:10A610002064656661756C7473202873686F756C4F
:10A62000642062652030784646292E2E2E0D0A00C1
:10A6300020204841454E3D31206661696C65642C9F
:10A6400020747279696E67204841454E3D302E2E48
:10A650002E0D0A00496E697469616C697A696E67CA
:10A66000204D435032335331372E2E2E0D0A002009
:10A6700020456E61626C696E672070756C6C2D751B
:10A680007073206F6E20504F5254422E2E2E0D0AA2
:10A6900000202053657474696E6720616C6C2063C0
:10A6A0006F6C756D6E7320484947482E2E2E0D0A2B
:10A6B00000496E697469616C697A696E67205553E7
:10A6C00042204D4944492E2E2E0D0A004D49444941
:10A6D00020436F6E74726F6C6C657220496E697482
:10A6E00069616C697A696E672E2E2E0D0A000D0A5B
:10A6F000202054657374696E672053504920636F3E
:10A700006D6D756E69636174696F6E2E2E2E0D0A04
:10A7100000202054657374696E67204D43503233B6
:10A72000533137206F70636F6465732E2E2E0D0AC0
:10A73000002020436F6E6669677572696E672050EE
:10A740004F52544220617320696E707574732E2EBF
:10A750002E0D0A002020436F6E6669677572696E60
:10A760006720504F525441206173206F757470758B
:10A7700074732E2E2E0D0A00496E697469616C691E
:10A780007A696E672034783420627574746F6E2035
:10A790006D61747269782E2E2E0D0A002020202003
:10A7A0002D20535049335F4D49534F203D20504297
:10A7B000300D0A00202020202D20535049335F53B4
:10A7C000434B20203D205042310D0A002020202004
:10A7D0002D20535049335F4D4F5349203D20504366
:10A7E00031320D0A002020436865636B207769745D
:10A7F00068206D756C74696D657465723A0D0A0038
:10A8000020205350493320697320636F6E66696757
:10A81000757265642061733A0D0A002020506F73D1
:10A820007369626C65206361757365733A0D0A0024
:10A830000D0A2020F09F92A1205449503A205472D2
:10A8400079206C6F6F706261636B20746573743A0A
:10A850000D0A002020486172647761726520636888
:10A8600065636B6C6973743A0D0A000D0A20203D14
:10A870003D3D20535049332050494E20434F4E46D2
:10A88000494755524154494F4E203D3D3D0D0A0028
:10A890000D0A20203D3D3D20564552494649434141
:10A8A00054494F4E205245414453203D3D3D0D0AF1
:10A8B000000D0A3D3D3D3D3D3D3D3D3D3D3D3D3D68
:10A8C0003D3D3D3D3D3D3D3D3D3D3D3D3D3D3D3DB8
:10A8D0003D3D3D3D0D0A00202020205B205D2043B2
:10A8E000686970206F7269656E746174696F6E203B
:10A8F000636F72726563742028636865636B207090
:10A90000696E2031293F0D0A00202020205B205D48
:10A91000204D435032335331372056535320287043
:10A92000696E20362920636F6E6E656374656420DE
:10A93000746F20474E443F0D0A00202020205B20EA
:10A940005D2041302C2041312C204132202870697B
:10A950006E732031322C31332C31372920636F6EE6
:10A960006E656374656420746F20474E443F0D0A22
:10A9700000202020205B205D204D43503233533196
:10A9800037205245534554202870696E20313829AC
:10A9900020636F6E6E656374656420746F20332E60
:10A9A00033563F0D0A00202020205B205D204D43C0
:10A9B00050323353313720564444202870696E207A
:10A9C000392920636F6E6E656374656420746F202F
:10A9D000332E33563F0D0A00202020205B205D20BF
:10A9E0004D49534F207769726520285042302074BA
:10A9F0006F204D43502070696E2031352920636FE0
:10AA00006E6E65637465643F0D0A00202020202D62
:10AA1000205042302073686F7274656420746F2018
:10AA2000474E440D0A0020202020332E205245534B
:10AA30004554202870696E203138292073686F755D
:10AA40006C6420626520332E33560D0A00202020CE
:10AA500020312E20564444202870696E2039292048
:10AA600073686F756C6420626520332E33560D0A4F
:10AA700000202020204F70636F64652030782530DF
:10AA800032582F3078253032583A20494F434F4EB4
:10AA9000203D203078253032580D0A0020205365A3
:10AAA0006E64696E673A205B3078414120307835BA
:10AAB0003520307846465D0D0A002020535049204D
:10AAC0005374617475733A2025642028303D4F4BD0
:10AAD000292C2052656365697665643A205B30787D
:10AAE00025303258203078253032582030782530C3
:10AAF00032585D0D0A0020204D49534F207769746C
:10AB0000682070756C6C2D75703A2025642C207748
:10AB10006974682070756C6C2D646F776E3A2025AF
:10AB2000640D0A00202020202D204D435032335345
:10AB3000313720534F2070696E2064616D61676505
:10AB4000640D0A004D4350323353313720636F6E2A
:10AB5000666967757265640D0A00000080AB0008C5
:10AB60000000002020000000B8020008A0AB000890
:10AB700020000020600F0000D80200080000000044
:10AB80000090D003E59D00080C0000002802002082
:10AB9000C000000000000000FF01000010000000E5
:040000050800025598
:00000001FF
